country,1960,1961,1962,1963,1964,1965,1966,1967,1968,1969,1970,1971,1972,1973,1974,1975,1976,1977,1978,1979,1980,1981,1982,1983,1984,1985,1986,1987,1988,1989,1990,1991,1992,1993,1994,1995,1996,1997,1998,1999,2000,2001,2002,2003,2004,2005,2006,2007,2008,2009,2010,2011,2012,2013,2014,2015,2016,2017
Aruba,111,111,111,111,111,111,111,111,111,111,111,111,111,111,111,111,111,111,111,111,111,111,111,111,111,111,111,111,111,111,111,111,111,111,111,111,111,111,111,111,111,111,111,111,111,111,111,111,111,111,111,111,111,111,111,111,111,111
Afghanistan,577,578,579,58,58,581,582,582,582,582,583,583,583,583,583,583,583,583,583,583,583,583,583,583,583,583,583,583,583,583,583,583,581,579,578,578,579,58,578,578,578,578,581,581,581,581,581,581,581,581,581,581,581,581,581,581,581,581
Angola,459,459,459,459,459,46,46,46,46,46,46,46,46,46,46,46,46,46,46,46,46,46,46,46,46,46,46,46,46,46,365,367,368,369,37,372,373,374,375,377,381,386,39,394,399,403,408,412,417,421,426,43,435,439,443,448,452,457
Albania,45,45,45,449,451,453,454,453,451,449,438,428,418,409,394,392,405,407,408,408,407,407,405,406,406,405,405,408,405,409,411,411,411,411,411,413,414,416,418,418,416,416,409,409,393,409,408,431,438,438,438,438,433,429,429,431,427,428
Andorra,553,553,553,553,553,553,553,553,553,553,532,532,511,511,511,489,489,489,489,489,489,489,489,489,489,489,489,489,489,489,489,489,489,489,489,489,489,489,489,489,484,48.6,48.6,48.5,46.4,46.3,44.2,44.2,44.2,42.1,42.1,39.9,40,40,40,40,40,40.1
United Arab Emirates,2.93,2.93,2.93,2.93,2.94,2.96,2.96,2.96,2.96,2.99,2.99,2.99,3,3.01,3.03,3.04,3.06,3.07,3.08,3.14,3.2,3.2,3.27,3.27,3.31,3.35,3.35,3.37,3.37,4.01,4.36,4.77,5,5.24,5.39,5.45,5.56,5.6,7.27,7.7,7.91,7.97,7.8,7.8,7.84,7.58,7.5,7.6,5.46,5.52,5.47,5.3,5.34,5.39,5.39,5.4,5.4,5.38
Argentina,50.4,49.9,49.3,48.7,48.2,47.8,47.4,47.2,47.2,47.2,47.2,47.1,47.1,47.1,47,47,46.9,46.9,46.8,46.8,46.7,47.1,47,47,46.9,46.9,46.7,46.5,46.6,46.6,46.6,46.7,46.7,46.8,46.8,46.8,46.9,46.9,46.9,47,47,47,47.8,49.1,50.4,51.6,52.6,52.7,52.5,53.9,54.2,54.5,54.5,54.3,54.3,54.3,54.3,54.4
Armenia,,,,,,,,,,,,,,,,,,,,,,,,,,,,,,,,41.1,41.5,42.1,43.7,45.9,46.8,46.6,46.5,46.5,46.6,48.9,50.7,52.9,56.4,61.7,61.5,61.4,61.3,60.9,59.6,59.1,59.1,59,58.9,58.9,58.9,58.9
American Samoa,15,15,15,15,15,15,15,15,15,15,15,15,15,15,15,15,15,15,15,15,15,15,15,15,15,15,15,15,15,15,15,16,16,16,17.5,20,20,23.5,23.9,24,22.5,22.5,25.2,25,25,25,24,24,24.5,24.5,24.5,24.5,24.5,24.5,24.5,24.5,24.5,24.5
Antigua and Barbuda,22.7,20.5,22.7,20.5,25,25,22.7,22.7,25,25,25,15.9,15.9,15.9,15.9,15.9,15.9,15.9,15.9,15.9,15.9,15.9,15.9,18.2,20.5,20.5,20.5,20.5,20.5,20.5,20.5,20.5,20.5,20.5,20.5,20.5,20.5,20.5,20.5,20.5,20.5,20.5,20.5,20.5,20.5,20.5,20.5,20.5,20.5,20.5,20.5,20.5,20.5,20.5,20.5,20.5,20.5,20.5
Australia,61.8,62,62.4,62.7,63.3,63.4,63.7,66.9,66.5,64.2,65,65.1,64.8,65.1,65,65.2,64,64.6,64.2,64.5,64.5,63.9,63,63.3,63.4,61,61.3,61.4,60.8,60.5,60.2,60.7,59.9,61.1,60.3,60.6,60.2,60.4,59.1,59.3,59.3,58.2,57.2,51.4,53.4,53.3,51.9,50.7,50,49,51.6,50.4,48.4,48.7,45.3,44.5,48.3,46.7
Austria,43.1,42.8,42.3,42.1,41.9,41.2,40.9,40.7,40.6,40.4,40.2,40,39,38.8,38.6,38.6,38.5,38.5,38.1,38,38.2,38.1,36.6,36.7,36.8,36.7,36.7,36.9,36.9,36.6,36.8,36.5,36.3,36.3,36.1,36,35.9,35.8,35.8,35.6,35.3,35.1,34.9,34.7,34.6,34.4,34.3,34,33.8,33.7,33.4,33.1,32.9,32.9,32.9,32.4,32.2,32.1
Azerbaijan,,,,,,,,,,,,,,,,,,,,,,,,,,,,,,,,53.4,53.6,53.9,53.9,54.4,55.1,56.3,56.7,57.4,57.5,57.4,57.5,57.5,57.6,57.6,57.6,57.6,57.6,57.7,57.7,57.7,57.7,57.7,57.7,57.7,57.8,57.8
Burundi,61.3,61.9,62.5,62.5,63.2,63.1,64.9,65.3,73.9,73.2,73.9,74.2,77.9,79,80.2,81.6,83.5,82.6,81.8,81.3,80.8,80.2,80.2,80.2,80.2,81.1,81.5,82,82,82.2,82.2,82.6,82.7,80.7,79.3,77.6,76,74.5,73.5,72.7,72.1,71.4,71.4,72,70.8,69.4,67.5,69.4,71.4,71.4,73.3,75.3,79.2,79.2,79.2,79.2,79.2,79.2
Belgium,55.2,55.3,54,53.7,53.6,53.5,53.6,53.4,53.7,53.7,53.5,53.3,53.7,54.9,54.6,54.3,53.9,54.1,51.5,44.8,44.5,46.6,46.6,46.4,46.2,46,42.7,45.6,44.7,44,43.4,44.8,45.2,45.5,45.6,45.7,46,46.3,46.3,45.9,45.8,45.9,46,45.9,45.7,45.6,45.1,45.1,45,44.8,44.1,44,44.1,44,43.9,44.6,43.8,44.7
Benin,12.8,13,13.1,13.3,13.5,13.8,14.1,14.4,15.1,15.3,15.8,16,16.2,16.5,16.8,17.1,17.4,17.5,17.7,18,18.2,18.5,18.6,18.7,18.9,19.4,19.5,19.6,19.7,20.1,20.2,20.4,20.6,21.3,22.3,24,25.6,27,27.6,28.3,29,29.8,30.7,30.7,30.9,29.6,29.7,31.5,32.4,32.4,32.4,33.3,35,35,35,35,35,35
Burkina Faso,29.7,29.8,29.8,29.9,29.9,29.9,30,30,30.1,30.1,30,30.3,30.6,30.9,31.2,31.4,31.6,31.7,31.9,32.1,32.3,32.5,32.7,32.8,33,33.2,33.4,35,35.1,35,34.9,34.8,34.7,34.5,34.5,34.9,36,36.4,36.4,35.7,38.6,39.4,40.8,39,40.1,39.4,40.1,44.1,43,44.2,43.1,44.2,45,44.2,44.2,44.2,44.2,44.2
Bangladesh,72.8,72.8,72.8,73.1,74,74.1,74.5,74.3,74.3,74.5,74.5,76.8,76.7,76.7,76.9,76.8,76.8,76.7,76.7,76.7,76.7,76.7,76.5,77.3,77,77.1,77.7,80.1,80.2,79.8,79.3,73.4,72.6,71.9,72,71.7,71.9,72.5,72.9,72.2,72.2,71.9,71.7,71.6,71.5,71.3,71.2,71.1,71,71,70.1,70.1,70,69.9,70.4,70.6,70.6,70.7
Bulgaria,51.3,51.4,51.5,52.2,52.4,52.4,53,53.2,54.4,54.3,54.3,54.4,54.1,54.6,53.8,56,56.1,56.1,56.1,55.9,55.9,55.9,55.8,55.8,55.8,55.7,55.7,55.7,55.8,55.7,55.7,55.6,55.3,55.7,55.7,55.7,56.1,51,51.3,50.5,49.7,48.9,49,49,48.5,47.8,47.1,47,46.3,46.5,46.9,47.2,46,45.8,46.2,46.3,46.3,46.3
Bahrain,10.1,10.1,10.1,10.1,10.1,10.1,10.1,10.1,10.1,10.1,10.1,10.1,10.1,10.1,11.6,14.5,14.5,14.5,14.5,14.5,13,11.6,11.6,11.6,11.6,11.6,11.6,11.6,11.6,11.6,11.6,12.7,12.7,12.7,12.7,12.7,12.7,12.7,14.1,13,13,13,12.4,11.9,11.8,11.6,11.2,10.8,11,11.3,11.2,11.2,11.2,11.2,11.1,11,11,11
Bahamas,0.999,0.999,0.999,0.999,0.999,0.999,0.999,0.999,0.999,0.999,0.999,0.999,0.999,0.999,0.999,1.1,1.1,1.1,1.1,1.1,1.1,1.1,1.1,1.1,1.2,1.2,1.2,1.2,1.2,1.2,1.2,1.2,1.2,1.2,1.2,1.2,1.2,1.2,1.2,1.3,1.3,1.3,1.3,1.3,1.3,1.3,1.3,1.3,1.5,1.5,1.4,1.4,1.4,1.4,1.4,1.4,1.4,1.4
Bosnia and Herzegovina,,,,,,,,,,,,,,,,,,,,,,,,,,,,,,,,43,42.8,42.6,42.5,42.4,42.3,42.2,41.1,41.6,41.5,41.5,42.4,42.4,42.1,42.2,42,41.6,41.6,41.9,42,42.1,42.2,42.1,42.5,43.1,43.5,43.2
Belarus,,,,,,,,,,,,,,,,,,,,,,,,,,,,,,,,46.3,46.1,46.1,46,46,45.9,45.9,45.8,45.6,45,44.5,44.3,44.2,44.1,44.1,43.9,43.9,44,43.9,43.7,43.3,42.9,42.5,42.2,42,41.8,41.6
Belize,3.46,3.46,3.51,3.51,3.51,3.55,3.55,3.55,3.59,3.59,3.64,3.64,3.68,3.68,3.73,3.73,3.77,4.08,4.12,4.21,4.25,4.25,4.25,4.25,4.43,4.52,4.91,5.04,5.26,5.52,5.7,5.96,6.27,6.27,6.4,6.44,6.49,6.49,6.58,6.53,6.53,6.66,6.66,6.66,6.66,6.66,6.66,6.66,6.8,6.88,6.88,7.01,7.01,7.01,7.45,7.45,7.54,7.54
Bermuda,7.41,5.56,5.56,7.41,7.41,7.41,7.41,5.56,5.56,5.56,5.56,5.56,5.56,5.56,5.56,5.56,5.56,5.56,5.56,5.56,5.56,5.56,5.56,5.56,5.56,5.56,5.56,5.56,5.56,5.56,5.56,5.56,5.56,5.56,7.41,7.41,7.41,7.41,7.41,7.41,7.41,7.41,7.41,7.41,7.41,7.41,7.41,5.56,5.56,5.56,5.56,5.56,5.56,5.56,5.56,5.56,5.56,5.56
Bolivia,27.7,27.6,27.5,27.6,27.6,27.6,27.7,27.7,27.9,28,28.4,28.9,28.9,29.4,29.9,29.9,30.4,30.5,30.9,31,31.5,31.5,31.5,32,32,32.5,32.5,32.5,32.7,32.7,33,33.1,33.4,33.6,33.8,33.9,34,34.1,34.2,34.3,34.3,34.4,33.8,33.8,34.1,34.3,34.5,34.6,34.8,34.6,34.7,34.8,34.8,34.8,34.8,34.8,34.6,34.8
Brazil,18.8,19.2,19.7,20.1,20.6,21,21.4,21.9,22.3,22.8,23.2,23.6,24,24.4,24.9,25.5,26,26.6,27.2,27.8,28,28.3,28.5,28.7,29,28.8,28.6,28.4,28.3,28.1,27.9,27.8,27.6,27.4,27.3,27.3,27.3,27.3,27.3,27.3,27.3,27.3,27.4,27.4,27.4,27.4,27.5,27.6,27.7,27.7,27.8,27.9,28,28.1,28.2,28.3,28.3,28.3
Barbados,44.2,44.2,44.2,44.2,44.2,44.2,44.2,44.2,44.2,44.2,44.2,44.2,44.2,44.2,44.2,44.2,44.2,44.2,44.2,44.2,44.2,44.2,44.2,44.2,44.2,44.2,44.2,44.2,44.2,44.2,44.2,44.2,44.2,44.2,44.2,44.2,44.2,44.2,41.9,41.9,41.9,39.5,39.5,37.2,37.2,37.2,37.2,37.2,37.2,34.9,32.6,30.2,29.1,27.9,25.6,23.3,23.3,23.3
Brunei,3.98,3.98,3.98,4.55,4.55,4.36,4.36,4.55,4.55,4.55,3.61,3.42,3.42,3.42,3.42,3.23,2.85,2.85,2.85,2.66,2.66,2.47,2.47,2.28,2.28,2.28,2.28,2.28,2.28,2.09,2.09,2.09,2.09,2.09,1.9,1.9,1.9,1.9,1.9,1.9,2.09,2.09,2.09,2.09,2.09,1.95,2.16,2.16,2.54,2.54,2.54,2.54,2.73,2.73,2.73,2.73,2.73,2.73
Bhutan,7.73,7.77,7.77,7.81,7.83,7.88,7.88,7.92,7.92,8.18,8.18,8.24,8.24,8.39,8.39,8.52,8.56,8.56,8.67,8.84,8.84,8.95,9.2,9.5,9.5,9.5,9.95,9.85,9.67,9.72,10.8,10.8,10.8,12.8,14.2,14.3,14.4,14.4,14.4,13.3,13.4,13.4,13.5,15.3,15.6,15.1,14.8,13.7,13.6,13.6,13.6,13.6,13.6,13.8,13.8,13.6,13.4,13.5
Botswana,45.9,45.9,45.9,45.9,45.9,45.9,45.9,45.9,45.9,45.9,45.9,45.9,45.9,45.9,45.9,45.9,45.9,45.9,45.9,45.9,45.9,45.9,45.9,45.9,45.9,45.9,45.9,45.9,45.9,45.9,45.7,45.6,45.8,45.9,45.8,45.8,45.7,45.6,45.6,45.8,45.5,45.6,45.5,45.6,45.6,45.5,45.5,45.7,45.7,45.6,45.7,45.7,45.7,45.9,45.6,45.6,45.6,45.6
Central African Republic,7.61,7.62,7.63,7.66,7.67,7.69,7.7,7.72,7.74,7.75,7.77,7.79,7.8,7.82,7.85,7.87,7.88,7.9,7.91,7.94,7.94,7.96,7.98,8,8,8.03,8.03,8.04,8.04,8.04,8.04,8.06,8.06,8.06,8.04,8.06,8.22,8.27,8.27,8.27,8.27,8.27,8.34,8.37,8.37,8.36,8.36,8.36,8.4,8.15,8.15,8.15,8.15,8.15,8.15,8.15,8.15,8.15
Canada,6.9,6.95,7,7.04,7.09,7.11,7.09,7.07,7.06,7.04,7.03,7.03,7.04,7.04,7.04,7.04,7,6.96,6.92,6.88,6.84,6.83,6.82,6.81,6.8,6.79,6.81,6.82,6.83,6.85,6.86,6.86,6.85,6.84,6.83,6.83,6.83,6.83,6.83,6.84,6.84,6.93,6.91,6.89,6.88,6.76,6.69,6.63,6.56,6.5,6.44,6.44,6.45,6.46,6.47,6.47,6.47,6.49
Channel Islands,45.5,45.5,45.5,45.5,45.5,45.5,45.5,45.5,44.9,44.9,44.9,44.9,44.4,44.4,44.4,44.4,44.4,43.9,43.9,43.9,43.9,43.9,43.4,43.4,43.4,43.4,43.4,42.9,42.9,42.9,42.9,42.9,42.4,42.4,42.4,42.4,40.9,40.4,39.9,39.9,37.9,37.4,37.4,37.9,38.4,42.4,41.4,40.9,44.4,46,48.5,48.3,47.8,48.1,46.8,46.9,46.6,46.6
Switzerland,43.9,43.9,43.5,43.3,43,42.9,42.7,42.7,42.7,42.3,42.1,42.1,41.8,41.7,41.6,41.6,41.5,41.6,42,41.8,41.7,41.6,41.5,41.3,41.2,41.1,41,40.9,40.7,40.6,40.5,40.4,40.3,40.1,40,39.9,39.9,39.8,39.7,39.6,39.5,39.5,39.4,39.3,39.2,39.1,39.1,39,38.9,38.8,38.8,38.7,38.6,38.5,38.4,38.4,38.3,38.2
Chile,18,18.2,18.5,18.7,18.9,19.1,19.4,19.7,20,20.3,20.6,21,21.3,21.9,22.3,23.1,23,22.9,22.7,22.7,22.5,22.3,22.3,22.2,22.2,22.1,21.7,21.7,21.7,21.4,21.2,20.9,20.8,20.8,20.6,20.5,20.5,20.5,20.3,20.3,20.4,20.9,20.7,21.4,21.4,21.2,21.2,21.2,21.2,21.2,21.2,21.2,21.2,21.2,21.2,21.2,21.2,21.1
China,36.4,36.7,37,37.3,37.7,38.1,38.5,38.9,39.4,39.8,40.3,40.8,41.4,42.1,42.6,43.2,43.9,44.5,45,45.5,46,47,48.2,49.4,50.6,51.3,51.8,52.4,53.1,53.8,54.4,54.7,55.1,55.6,55.6,55.6,55.6,55.6,55.6,55.6,55.6,55.7,55.8,55.8,55.9,55.9,56,56.1,56.1,56.1,56.1,56.1,56.1,56.1,56.1,56.1,56.1,56.1
Cote d'Ivoire,49.3,49.9,49.9,50.3,50.6,50.6,50.8,50.8,50.9,50.9,51.3,51.3,51.7,52.3,52.6,53,53.7,54.1,54.2,54.3,54.6,55,55.3,56.3,57.2,57.5,57.9,58.9,59.2,59.5,59.6,60.4,61.3,61.9,62.3,62.3,61.9,61.9,61.6,61.6,61.6,61.6,61.6,62.9,63.5,63.8,64.8,64.8,64.8,64.8,64.8,65.1,66.7,66.7,66.7,66.7,66.7,66.7
Cameroon,15.9,16,16.1,16.2,16.4,16.5,16.6,16.8,16.9,16.9,17,17.1,17.3,17.5,17.8,18,18.3,18.3,18.9,18.9,19,19.1,19.2,19.3,19.4,19.5,19.5,19.5,19.4,19.4,19.4,19.4,19.4,19.4,19.4,19.4,19.4,19.4,19.4,19.4,19.4,19.4,19.4,19.5,19.5,19.5,19.5,19.6,19.7,20.5,20.6,20.6,20.6,20.6,20.6,20.6,20.6,20.6
"Congo, Dem. Rep.",11,11.1,11.1,11.1,11.1,11.1,11.1,11.1,11.2,11.2,11.2,11.2,11.2,11.3,11.3,11.3,11.3,11.3,11.3,11.3,11.4,11.4,11.4,11.4,11.4,11.4,11.4,11.4,11.4,11.5,11.5,11.5,11.5,11.5,11.4,11.4,11.3,11.3,11.3,11.3,11.3,11.3,11.3,11.3,11.3,11.3,11.3,11.3,11.4,11.5,11.6,13.6,13.9,14.2,14.2,14.1,13.9,13.9
"Congo, Rep.",30.9,30.9,30.9,30.9,30.9,30.9,30.9,30.9,30.9,30.9,30.9,30.9,30.9,30.9,30.9,30.9,30.9,30.8,30.8,30.8,30.8,30.9,30.9,30.9,30.9,30.9,30.9,30.9,30.9,30.8,30.8,30.8,30.8,30.8,30.8,30.8,30.9,30.9,30.9,30.9,30.9,30.9,30.9,30.9,30.9,30.9,30.9,30.9,30.9,31,31,31,31.1,31.1,31.1,31.1,31.1,31.1
Colombia,36,36.9,37.4,37.9,38.8,38.8,38.8,38.8,38.8,38.8,40.6,40.6,40.6,40.6,40.7,40.7,40.8,40.8,40.8,40.8,40.8,40.8,40.9,40.9,40.9,40.9,40.9,40.8,40.7,40.6,40.5,40.5,40.5,40.4,40.1,40.5,40.6,41,41.2,40.4,37.6,37.5,37.9,38.2,38.4,38,38.2,38.4,38.3,38.3,37.6,38.4,40.4,40.4,40.3,40.3,44.6,44.6
Comoros,51,51,51,51,51,51,51,51,51,51,51,51,51,51,51,51,51,53.7,53.7,53.7,53.7,53.7,53.7,59.1,59.1,59.1,60.7,61.3,61.3,61.3,61.3,61.8,61.8,64.5,65.6,66.6,67.7,69.9,70.9,71.5,72.5,72.5,72.5,72.5,71.5,71.5,71.5,71.5,71.5,71.5,71.5,71.5,71.5,71.5,71.5,70.9,70.4,70.4
Cape Verde,16.1,16.1,16.1,16.1,16.1,16.1,16.1,16.1,16.1,16.1,16.1,16.1,16.1,16.1,16.1,16.1,16.1,16.1,16.1,16.1,16.1,16.1,16.1,16.1,16.1,16.1,16.1,16.6,16.6,16.9,16.9,17.1,17.1,17.1,17.4,17.4,17.9,17.9,17.6,17.6,18.1,18.4,18.4,18.6,18.6,18.9,18.9,19.4,19.4,19.4,19.4,20.8,20.8,19.6,19.6,19.6,19.6,19.6
Costa Rica,27.3,27.6,27.8,29.1,30.5,32,32,33.6,35.1,36.3,37,37,40.1,40.1,41.6,43.2,44.8,46.2,47.8,49.3,50.9,52.5,52.5,53.8,52.5,51.2,49.7,48.2,46.6,43.1,43.2,42.3,41.4,41,40.1,39.1,38.2,37.5,37,36,35.9,35.8,35.8,35.7,35.4,35.5,35.3,35.1,35.6,35.6,35.6,35.5,35.3,34.8,34.8,34.8,34.9,34.9
Cuba,33.1,35.4,37.6,44.3,42.3,42,43,44,44.2,46.8,47.2,52,54.5,52.4,54.1,55.8,56.2,55.4,54.6,55.3,55.3,56.6,57.5,57.2,57.9,60.1,62.6,63.2,63.1,62.8,62.9,63.1,62.7,62.3,62.2,61.6,62.3,62.1,62,61,62,62.5,62.4,61.3,62.4,62.3,62.2,61.7,61.2,60.7,60,60.1,60.9,60.4,59.9,59.8,60.7,60.7
Cayman Islands,11.3,11.3,11.3,11.3,11.3,11.3,11.3,11.3,11.3,11.3,11.3,11.3,11.3,11.3,11.3,11.3,11.3,11.3,11.3,11.3,11.3,11.3,11.3,11.3,11.3,11.3,11.3,11.3,11.3,11.3,11.3,11.3,11.3,11.3,11.3,11.3,11.3,11.3,11.3,11.3,11.3,11.3,11.3,11.3,11.3,11.3,11.3,11.3,11.3,11.3,11.3,11.3,11.3,11.3,11.3,11.3,11.3,11.3
Cyprus,43.7,43.5,43.8,43.6,43.5,43.3,43.4,43.4,43.2,43.1,42.9,42.6,42.7,31.1,19.5,19.3,19.1,18.9,18.7,18.6,19,19.7,19.8,19.7,17.6,17.7,17.6,17.5,17.5,17.4,17.2,17.3,17.2,15.5,15.5,15.5,15.4,15.6,15.6,15.3,15.2,15.2,16.7,16.9,18.1,17,15.9,12.5,13.8,12.4,12.6,12.7,11.8,11.8,13.7,11.8,13.1,14.2
Czech Republic,,,,,,,,,,,,,,,,,,,,,,,,,,,,,,,,,55.4,55.4,55.4,55.4,55.4,55.4,55.4,55.4,55.4,55.3,55.2,55.2,55.1,55.1,55,54.9,54.9,54.8,54.8,54.7,45.6,45.5,45.3,45.2,45.6,45.6
Germany,55.5,55.5,55.6,55.7,56,55.9,55.6,55.2,55.1,54.5,54.3,54.3,54.1,53.9,53.8,53.7,53.6,53.4,53.3,53,52.9,52.7,52.5,52.4,52.3,52.2,51.9,51.8,51.7,51.6,49.1,48.6,49.2,49.6,49.7,49.7,49.6,49.8,49.1,48.9,48.8,48.6,48.7,48.8,48.8,48.6,48.6,48.5,48.4,47.9,48,47.8,47.9,47.9,48,47.7,47.8,47.6
Djibouti,56.1,56.1,56.1,56.1,56.1,56.1,56.1,56.1,56.1,56.1,56.1,56.1,56.1,56.1,56.1,56.1,56.1,56.1,56.1,56.1,56.1,56.1,56.1,56.1,56.1,56.1,56.1,56.1,56.1,56,57.6,59.1,60.4,60.4,62.6,63.9,64.8,64.8,66.9,69.1,72.5,73.4,73.4,73.4,73.4,73.4,73.4,73.4,73.4,73.4,73.4,73.4,73.4,73.4,73.4,73.4,73.4,73.4
Dominica,22.7,24,22.7,22.7,24,25.3,25.3,25.3,25.3,25.3,25.3,25.3,25.3,25.3,25.3,25.3,25.3,25.3,25.3,25.3,25.3,25.3,25.3,25.3,25.3,25.3,25.3,24,24,24,24,24,24,24,22.7,22.7,22.7,22.7,25.3,28,29.3,29.3,29.3,29.3,29.3,29.3,29.3,29.3,30.7,33.3,33.3,33.3,33.3,33.3,33.3,33.3,33.3,33.3
Denmark,74.6,74.1,72.9,72.4,71.6,71.4,71.3,71.2,70.6,70.2,69.6,69.8,70.5,69.2,69.3,69.2,69.1,68.9,68.9,68.5,68.4,68.1,67.2,67.4,66.9,66.5,66,65.7,65.4,65.8,65.3,65,64.6,63.4,64.2,64,63.4,63,62.3,62.4,63.1,62.8,62.6,62.4,63.8,63.9,62.8,62.9,62.1,61.9,63.4,65.6,65.7,66.3,65.8,65.6,65.8,65.8
Dominican Republic,45.3,45.6,46,46.3,46.6,46.9,47.2,47.4,48.2,48.3,48.5,49.1,49.8,50.2,50.8,52,52.6,53.1,53.6,54.2,54.3,54.4,54.4,54.4,54.4,54.6,54.6,54.6,54.7,52.7,52.7,52.7,52.7,52.7,53.3,53.3,51.7,52,51.1,52.1,52.1,52.1,50.4,50,50,50,50,49.6,49.6,49.6,49.6,48.7,48.7,48.7,50.3,50.3,50.3,50.3
Algeria,19.1,18.9,18.7,18.5,18.5,18.5,18.6,18.6,18.6,18.6,19.1,19.1,18.6,18.6,18.4,18.5,18.4,18.4,18.4,18.4,16.4,16.4,16.5,16.6,16.4,16.2,16.3,16.3,16.3,16.2,16.2,16.3,16.3,16.6,16.6,16.6,16.7,16.7,16.7,16.8,16.8,16.7,16.8,17.3,17.3,17.3,17.3,17.3,17.4,17.4,17.4,17.4,17.4,17.4,17.4,17.4,17.4,17.4
Ecuador,17,17,17,17,17.1,17.1,17.1,17.1,17.3,17.5,17.8,18,18.2,18.7,19.5,20.1,21.1,21.7,22.4,23.4,24.4,25.1,25.6,26.2,26.8,27.4,27.9,27.9,28,28.3,28.6,28.7,28.8,29.4,29.3,28.9,28.9,32.3,32.5,32.5,31.3,30.2,29.2,30.3,30.2,30,29.8,30,30.3,30.2,29.6,30.2,30.3,22,23.3,22.2,22.5,21.9
Egypt,2.58,2.52,2.5,2.52,2.68,2.79,2.81,2.81,2.85,2.86,2.87,2.87,2.87,2.86,2.84,2.74,2.65,2.55,2.46,2.46,2.48,2.46,2.45,2.47,2.51,2.58,2.56,2.59,2.58,2.66,2.66,3.01,3.03,3.03,3.3,3.19,3.26,3.27,3.5,3.31,3.35,3.44,3.42,3.49,3.54,3.55,3.55,3.56,3.71,3.69,3.64,3.71,3.75,3.73,3.81,3.75,3.85,3.85
Eritrea,,,,,,,,,,,,,,,,,,,,,,,,,,,,,,,,,73.3,73.3,73.3,72.7,72.9,73.9,73.9,74.6,74.6,74.6,74.9,74.3,74.5,75,75,75,75.2,75.2,75.2,75.2,75.2,75.2,75.2,75.2,75.2,75.2
Spain,66.5,66.5,66.3,65.5,65.4,64.3,64.8,64.3,65.1,64.3,65.4,65.2,64.6,64.2,63.9,63.1,63.2,63,62.8,62.5,62.5,62.4,61.7,61.3,61.5,61.3,61.3,61.2,61.5,61,60.8,60.6,60.1,60.4,59.5,60.3,60.2,60,59.6,59.7,59.2,59,58.4,58.2,58.4,57.3,56.1,56.4,56.1,55.1,54,53.9,53.4,53.1,53.2,52.6,52.6,52.4
Estonia,,,,,,,,,,,,,,,,,,,,,,,,,,,,,,,,32.4,31.1,26,23.4,23.7,24.1,24.6,23.6,23.3,21,16.5,19.5,18.2,20.8,21.2,21.6,21.4,22,22.4,22.3,22.6,22.2,22.4,22.8,23.1,23.1,23.1
Ethiopia,52.5,52.9,53,53,53.3,53.4,53.5,53.6,53.8,53.7,53.9,54.1,54,54,53.9,53.9,53.9,53.9,53.8,53.7,53.5,53.2,53,52.6,52.4,52.1,51.8,51.6,51.3,51.1,51,51,30.5,30.5,30.5,30.5,30.5,30.5,30.7,30.7,30.6,30.5,31.6,29.3,29.7,30.3,31.1,30.6,31,31.6,32.2,32.3,32.5,32.7,32.9,33.1,33.2,33.6
Finland,9.08,9.14,9.21,9.28,9.33,9.39,9.43,9.48,9.08,8.94,8.88,8.58,8.48,8.55,8.58,8.58,8.53,8.49,8.43,8.33,8.26,8.17,8.04,7.96,7.91,7.86,7.91,7.79,7.83,7.86,7.96,7.9,7.83,7.92,7.37,7.28,7.06,7.2,7.23,7.28,7.3,7.34,7.37,7.4,7.47,7.57,7.55,7.56,7.56,7.54,7.52,7.52,7.43,7.46,7.48,7.49,7.47,7.48
Fiji,12.4,12.4,12.5,12.5,12.2,12.2,12.1,12,12.1,12.1,12.1,12.6,12.9,13.1,13.4,14.2,14.8,15.3,15.6,15.9,16.4,17,17.5,18.1,18.9,19.2,20,20.8,21.6,22.4,23.2,23.8,23.8,23.7,24.1,24.1,24.1,23.5,23.4,23.4,23.4,23.4,23.4,23.4,23.4,23.4,23.4,23.4,23.4,23.3,23.3,23.3,23.3,23.3,23.3,23.3,23.3,23.3
France,63.1,62.9,62.7,62.3,62.1,61.8,61.4,60.6,60.6,59.3,59.6,59.4,59.3,59.2,59.1,58.5,58.3,58.4,58.1,57.9,57.9,57.8,57.6,57.5,57.4,57.3,57.3,56.3,56.1,55.9,55.7,55.5,55.3,55.2,55.1,55,54.9,54.8,54.7,54.4,54.3,54.1,53.9,53.8,53.7,53.5,53.3,53.2,53,52.8,52.7,52.7,52.5,52.5,52.5,52.4,52.4,52.3
Faeroe Islands,2.15,2.15,2.15,2.15,2.15,2.15,2.15,2.15,2.15,2.15,2.15,2.15,2.15,2.15,2.15,2.15,2.15,2.15,2.15,2.15,2.15,2.15,2.15,2.15,2.15,2.15,2.15,2.15,2.15,2.15,2.15,2.15,2.15,2.15,2.15,2.15,2.15,2.15,2.15,2.15,2.15,2.15,2.15,2.15,2.15,2.15,2.15,2.15,2.15,2.15,2.15,2.15,2.15,2.15,2.15,2.15,2.15,2.15
"Micronesia, Fed. Sts.",,,,,,,,,,,,,,,,,,,,,,,,,,,,,,,32.1,32.1,32.1,32.1,32.1,32.1,32.1,32.1,32.1,32.1,32.1,32.1,32.1,32.1,32.1,32.1,32.1,32.1,31.4,31.4,31.4,31.4,31.4,31.4,31.4,31.4,31.4,31.4
Gabon,20.2,20.2,20.3,20.3,20.4,20.5,20.3,20.4,20.2,20.1,20.2,20,19.9,20,20.1,20,20.1,20.2,20,20,20,20,20,20,20,20,20,20,20,7.78,7.81,7.83,7.85,7.88,20,7.93,7.95,7.97,8,8.02,8.04,8.06,8.08,8.1,8.12,8.14,8.16,8.18,8.2,8.22,8.26,8.31,8.36,8.4,8.45,8.49,8.54,8.59
Isle of Man,57,57,56.5,55.8,56.1,54.4,54.6,54.7,55.4,55.4,55.4,56.1,56.8,57.5,58.2,59.1,59.8,60.5,61.2,62.1,62.8,63.7,64.2,64.9,65.6,66.5,67.2,67.9,68.6,69.5,70.2,70.9,71.6,72.5,73.2,73.9,74.6,75.4,76.1,76.8,77.5,79.6,80.3,80.4,80.9,74.3,73.9,77.7,76.2,76.1,74.8,67.4,68.1,68.2,70.9,71.2,68.6,70.7
United Kingdom,81.8,81.8,81.6,81.4,81,80.8,80.8,80.3,80.1,77.9,77.9,77.5,77.3,77,76.8,76.7,76.4,76.4,76.3,76.3,75.7,75.6,75.3,75.2,75.1,74.9,74.9,76.2,75.7,75.2,75,74.7,72.5,72,71.8,72.3,72.7,72.4,71.2,70.1,70.1,70.2,70.1,70.5,70.1,73.7,72.9,73.1,71.6,71.2,70.9,71,71.3,71.2,70.8,71.7,72.2,71.7
Georgia,,,,,,,,,,,,,,,,,,,,,,,,,,,,,,,,46.5,45,44.6,43.9,43.7,43.7,43.8,43.2,43.2,43.2,43.2,43.3,35.9,36.3,36.2,36.2,36.2,35.9,35.4,35.1,35,35.8,34.8,34.8,34.5,34.3,34.1
Ghana,51.4,51.4,51.4,51.4,51.4,51.4,51.4,51.4,51.4,51.4,51.4,51.4,51.4,51.4,51.9,51.9,52.3,52.7,52.7,52.7,52.7,53.6,53.6,54.1,54.5,54.5,54.5,54.9,54.9,55.4,55.9,55.9,56.3,56.7,57.6,58.5,59.9,60.2,60.6,61.1,61.5,61.9,62.3,62.7,63.1,63.5,63.9,64.3,64.7,65.1,65.1,65.2,65.3,65.3,65.4,65.2,65,65
Guinea,59.5,59.5,59.4,59.3,59.2,59.1,59,58.9,58.8,58.7,58.6,58.5,58.4,58.3,58.3,58.2,58.1,58,58,57.9,57.8,57.7,57.6,57.5,57.5,57.4,57.3,57.3,57.2,57.5,57.2,57.2,57.2,57.2,57.1,56.6,56.2,55.8,55.1,54.9,55.1,55.9,56.3,56.7,57.5,57.5,57.7,58,58,58.2,58.2,58.6,59,59,59,59,59,59
Gambia,51.8,51.9,52,52.1,52.2,52.3,52.5,52.5,52.7,52.8,53.1,53.6,54.1,56.7,56.1,56,56.7,57.4,56.3,55.6,57.8,59.9,58,56.6,56.6,57.5,58.2,59.7,57.9,57.9,58.5,55.1,55,55,55,55,55,54.5,54.5,54.5,53.4,51.1,50.1,50.9,52.1,48.9,48.9,54.5,59.6,60.8,60.8,59.8,59.8,59.8,59.8,59.8,59.8,59.8
Guinea-Bissau,48.3,48.3,48.3,48.3,48.3,48.3,48.6,48.6,48.6,48.6,48.6,48.6,48.8,49,49,49,49,49,49.1,49.2,49.4,49.9,50.2,51.2,51.5,50.3,50.1,49.8,51.1,51.5,51.5,51.5,52.2,21.8,22.1,22.4,22.7,23,23.3,23.6,23.9,24.2,24.5,24.8,25.1,25.4,25.7,26,26.3,26.6,26.9,27.2,27.5,27.8,28.1,28.4,28.7,29
Equatorial Guinea,11.2,11.4,11.6,11.6,11.6,11.7,11.7,11.7,11.7,11.7,11.9,11.9,11.9,11.9,11.9,11.9,11.9,11.9,11.9,11.9,11.9,11.9,11.9,11.9,11.9,11.9,11.9,11.9,11.9,11.9,11.9,11.9,11.9,11.9,11.9,11.9,11.9,11.9,11.9,11.9,11.9,11.6,11.6,7.94,8.24,8.54,8.84,9.14,9.43,9.73,10,10.1,10.1,10.1,10.1,10.1,10.1,10.1
Greece,69.1,69.1,70,69.8,67.3,70.5,70.7,70.9,70.9,71,71,71.1,70.9,70.9,70.7,70.7,70.7,71.2,71.2,71.2,71.4,71.4,71.2,71.4,71.2,71.2,71.2,71.2,71.5,71.5,71.1,71.1,71.1,71.1,71.1,71.2,69.7,68.1,67.3,66.2,65.5,64.7,64,62.7,62.1,61,60.1,59.4,58.7,58.1,57.4,56.5,55.5,48.1,48.1,47.6,47.3,47.4
Grenada,64.7,64.7,64.7,64.7,64.7,64.7,64.7,64.7,64.7,64.7,64.7,58.8,58.8,58.8,58.8,58.8,58.8,55.9,55.9,47.1,47.1,47.1,47.1,47.1,41.2,41.2,38.2,38.2,38.2,38.2,35.3,35.3,35.3,35.3,32.4,32.4,32.4,32.4,35.3,35.3,38.2,38.2,35.3,35.3,20.6,20.6,20.6,20.6,23.5,23.5,23.5,23.5,23.5,23.5,23.5,23.5,23.5,23.5
Greenland,0.688,0.688,0.688,0.688,0.688,0.688,0.688,0.688,0.688,0.688,0.688,0.688,0.688,0.688,0.688,0.688,0.688,0.688,0.688,0.688,0.688,0.688,0.688,0.688,0.689,0.689,0.69,0.691,0.692,0.693,0.694,0.695,0.696,0.697,0.697,0.698,0.582,0.583,0.584,0.584,0.585,0.586,0.586,0.587,0.588,0.589,0.589,0.59,0.591,0.592,0.592,0.593,0.592,0.592,0.592,0.592,0.592,0.592
Guatemala,24.7,24.8,24.9,25,25.1,25.3,25.5,25.6,25.6,25.7,25.8,26.1,26.5,26.8,27,27.3,27.9,28,28.1,28.5,28.6,29,29.1,35.3,35.3,35.3,35.3,40,40,40,40,40,41.8,42.1,42.1,42.1,42.2,41.3,41.4,41.7,41.9,42.2,47.3,44.8,42.6,40.1,41.2,38.6,37.7,37,36.3,35.5,34.7,35.4,36,36,36,36
Guam,29.6,29.6,31.5,31.5,31.5,31.5,31.5,31.5,31.5,31.5,31.5,31.5,31.5,31.5,31.5,31.5,31.5,31.5,33.3,33.3,37,37,37,37,37,37,37,37,37,37,37,37,37,37,37,37,37,37,37,37,37,37,37,37,37,37,35.2,35.2,33.3,33.3,33.3,33.3,33.3,33.3,33.3,33.3,33.3,33.3
Guyana,6.91,6.91,6.91,6.91,6.91,6.93,6.93,6.94,6.94,6.97,6.97,6.98,7,7,7,7.41,7.83,8.26,8.71,8.71,8.71,8.71,8.76,8.78,8.78,8.79,8.79,8.79,8.8,5.5,5.52,5.54,5.56,5.58,5.6,5.62,5.64,5.66,5.67,5.69,5.72,5.74,5.76,5.78,5.81,5.83,5.85,5.87,5.9,5.92,5.98,6.04,6.1,6.16,6.22,6.26,6.31,6.36
"Hong Kong, China",13.7,13.7,13.7,12.7,12.7,12.7,12.7,12.7,12.7,12.7,11.8,11.8,11.8,11.8,9.9,9.9,9,8,8,8,9,9.09,9.09,9.09,9.09,9.09,9.09,9.09,8.08,8.08,8.08,8.08,8.08,8.08,7.62,7.62,6.67,6.67,6.67,6.67,6.67,6.67,6.67,6.67,6.67,5.71,5.71,5.71,5.71,5.24,5.24,4.86,4.86,4.86,4.86,4.76,4.86,4.76
Honduras,26.6,26.7,26.8,26.8,26.9,26.9,27,27.1,27.1,27.2,27.2,27.5,27.6,27.7,28,28.3,29,29.1,29.1,29.1,29.2,29.2,29.2,29.3,29.3,29.4,29.4,29.4,30.1,29.7,29.9,30,31.7,31.5,31.1,31.1,30.3,30.3,29.8,26.2,26.2,27.1,28.2,28.1,28.2,28.2,28.2,28.5,28.6,29.1,29.4,29.7,29.7,29.7,29.7,29.7,29.9,30
Croatia,,,,,,,,,,,,,,,,,,,,,,,,,,,,,,,,43,40.6,41.4,41.7,34.6,34.7,36.6,36.3,20.9,21.1,21.1,21.4,21,21.6,22,21.5,23,23.2,23.8,23.7,23.8,28,26.7,27.2,27.3,26.5,26.2
Haiti,60.2,60.4,60.6,60.8,61,61.1,61.3,61.5,61.7,61.9,62,57.5,57.4,57.4,57.4,57.5,57.5,57.9,57.9,58.1,58.1,58.1,58.1,58.1,58.1,58.1,58.1,58,58,57.9,57.9,57.1,57.1,57.9,57.7,57.7,61.3,61.3,61.3,61.3,60.6,60.6,60.6,60.6,60.6,60.6,66,64.2,65.2,67.9,66.4,64.2,66.8,66.8,66.8,66.8,66.8,66.8
Hungary,78.7,77.9,77.6,77.5,77.2,77,76.8,76.7,76.5,76.4,76.2,76.1,76,75.4,75.2,75.1,74.8,74.4,74,73.7,73.4,73.2,73.1,72.9,72.8,72.6,72.4,72.3,72.1,72,71.9,68.3,68.2,68.1,68.8,68.8,69,69,68.9,65.3,65.4,65.3,65.4,65.4,65.4,64.8,64.8,64.6,63.9,59,59,59,58.1,57.7,57.7,57.9,58.1,58
Indonesia,21.3,21.3,21.3,21.3,21.3,21.2,21.2,21.2,21.2,21.2,21.2,21.2,21.1,21.1,21.1,21,21,21,21,21,20.9,20.9,20.9,20.5,21.9,22.8,24,24.4,24.5,24.9,22.9,22.8,23.2,23.2,23.7,23.7,24,24.2,25.3,26,26.3,26.6,28.2,29.5,28.6,28.4,29.3,29.8,30.7,30.7,31.2,31.2,31.5,31.5,31.6,32.1,33.2,33.2
India,58.8,59.4,59.2,59.4,59.6,59.7,59.8,60,59.8,59.9,59.8,59.9,60.1,60.3,60.4,60.4,60.4,60.7,60.7,60.6,60.7,60.8,60.7,61,61,60.9,61.1,60.9,61,61,61.1,61,61,61,60.9,60.7,60.9,60.8,60.9,60.9,60.7,60.7,60.6,60.7,60.6,60.5,60.4,60.5,60.6,60.4,60.4,60.4,60.4,60.4,60.4,60.4,60.4,60.4
Ireland,81.9,82,82.3,82.2,82.2,81.8,82.1,82.4,82.6,82.3,82.3,82.5,82.5,82.6,83,83,83.1,83.1,83.1,83.1,83.2,83.1,82.8,82.7,82.8,82.7,82.3,82.2,82.1,82,64.5,64.1,63.9,63.7,63.7,63,64.3,64.1,64.1,64,64,63.5,63.4,62.5,62.4,61.8,62.1,67.2,66.7,66.3,66.1,65.8,65,64.8,64.3,64.8,65.2,65.6
Iran,36.4,36.4,36.4,36.5,36.5,36.5,36.6,36.6,36.6,36.7,36.9,37.3,37.7,37.4,37.1,36.8,36.6,36.1,36.8,35.4,35.8,36.1,36.4,36.6,37.1,37.3,37.5,38,37.9,37.8,38.7,39.2,39.4,39.4,39.4,39.6,39.2,39.8,39.1,38.6,39.2,39.3,39.5,39.6,29.2,29.4,29.5,28.7,28.7,28.6,28.5,28.4,28.2,28.2,28.2,28.2,28.2,28.2
Iraq,20.1,20.2,20.4,20.3,20.4,20.4,20.5,20.5,20.6,20.6,20.6,20.9,21,21.2,21.2,21.2,21.2,21.5,21.6,21.6,21.6,21.6,21.6,21.6,21.6,21.7,21.7,21.8,21.1,21.1,22,21.8,22.6,21.4,20.8,20.8,19.8,20.3,20,19,19.4,20.2,19.9,19.9,21.5,20.6,20.9,18.7,18.1,18.9,19.7,19.7,20.4,21.4,21.3,21.3,21.3,21.3
Iceland,21.1,21.1,21.1,21.1,21.1,21.1,21.1,21.1,21.1,20,19.9,19.8,19.7,19.6,19.5,19.4,19.3,19.2,19.1,19,19,19,19,19,19,19,19,19,19,19,19,19,19,19,18.9,18.9,18.9,18.9,18.8,18.8,18.8,18.8,18.8,18.8,18.8,18.8,18.7,18.7,18.7,18.7,18.7,18.7,18.7,18.7,18.7,18.7,18.7,18.6
Israel,23.6,23.3,24.1,24.3,23.8,24.3,24.3,24.1,24.2,24.3,24.4,24.4,24.8,25.2,25,24.5,24.5,24.6,24.6,24.6,24.9,25,25.6,26.1,26.6,26.8,26.7,26.6,26.6,26.8,26.7,26.7,26.7,26.8,26.5,26.1,26,26,25.8,26.2,25.9,26,25.5,23.7,23.8,23.5,23.9,23.8,24.1,23.3,23.9,24.3,24,24.8,24.7,24.6,28.8,28.8
Italy,70.3,70.2,69.7,69.6,69.5,69.4,69.3,69.2,68.8,68.6,60,59.5,59.4,59.5,59.6,59.6,59.5,59.8,59.9,59.7,59.7,59.6,58.7,58.6,58.1,57.9,57.8,57.3,57.3,57.3,54.6,54.3,54.1,53.4,52.1,52.2,52.2,52.6,53.7,53.2,52.7,51.9,50.7,50.6,50.1,48.3,48.1,49.2,47.5,48.7,47.1,46.7,46.3,44.7,44,43.6,43.6,41.7
Jamaica,49.2,49.4,49.4,49.2,46.8,47.7,47.7,47.7,47.7,46.8,46.8,46.8,46.8,46.8,46.8,46.8,46.8,46.8,45.9,45.9,45.9,45,44,44,44,44,44,44,44,44,44,44,46.4,46.2,45.9,45.6,45.2,44.7,44.5,44.2,44.2,43.8,43.8,43.6,43.1,43.1,42.8,41.5,41.5,41,41,41,41,41,41,41,41,41
Jordan,12.3,12.3,12.3,12.4,12.4,12.4,12.4,12.5,12.5,12.5,12.5,12.6,12.6,12.6,12.6,12.7,12.7,12.7,12.7,12.8,12.7,12.7,12.9,11.9,12.7,12.8,13.1,13.2,13,11.8,11.5,12.7,12.4,12.1,12.6,11.9,12,12.1,12.1,12.1,11.6,11.6,11.4,11.8,11.5,11.5,10.9,11,11.5,11.3,11.3,11.8,11.9,12,11.9,12,11.3,11.5
Japan,19.4,19.4,19.1,19.2,19.1,18.8,18.6,18.5,18.1,18.3,17.8,17.7,17.6,17.5,17.1,17,17,16.9,16.9,16.5,16.5,16.5,16.4,16.4,16.1,16.1,16,16,15.7,15.6,15.5,15.4,15.3,15.2,14.9,14.8,14.7,14.6,14.5,14.4,13.1,13.1,13,12.9,12.9,12.8,12.8,12.7,12.6,12.6,12.5,12.5,12.4,12.4,12.3,12.3,12.2,12.1
Kazakhstan,,,,,,,,,,,,,,,,,,,,,,,,,,,,,,,,82,82.1,82.1,80.4,79.8,79.9,79.8,79.7,79.8,79.4,79.1,78.9,78.8,78.6,78.5,78.3,78.1,78.1,80.4,80.4,80.4,80.4,80.3,80.1,80.1,80.1,80
Kenya,44.3,44.3,44.3,44.3,44.3,44.3,44.3,44.3,44.3,44.4,44.4,44.4,44.4,44.4,44.9,44.9,44.9,44.9,44.9,44.9,44.9,44.9,44.9,44.8,46.3,46.3,46.4,46.8,47.5,47,47.2,47.6,47.2,47.8,47.8,46.5,46.7,46.5,47.2,46.9,47.2,47.1,47.2,47.4,47.4,47.5,47.6,47.6,47.9,48,48.5,48.7,48.5,48.5,48.5,48.5,48.5,48.5
Kyrgyz Republic,,,,,,,,,,,,,,,,,,,,,,,,,,,,,,,,52.6,52.8,54.1,54.4,55.5,55.6,55.7,55.9,55.9,56.2,56.2,56.5,56.2,56,55.9,55.9,55.9,55.4,55.3,55.3,55.2,55,55,55,55,55,55
Cambodia,19.9,20,20.1,20.4,20.5,20.5,20.6,20.3,19.7,19.4,13.9,13.9,13.9,14.2,14.2,14.4,14.4,14.7,14.7,15,15,15.2,15.2,15.2,16.9,18.6,21,23.5,25.1,25.2,25.5,25.6,25.7,25.9,25.9,25.9,25.9,26.2,26.3,27,27.7,28.3,28.9,29.6,30.3,30.3,30.3,30.3,30.3,30.9,30.9,30.9,30.9,30.9,31.5,31.5,31.5,31.5
Kiribati,48.1,48.1,53.1,53.1,53.1,53.1,46.9,46.9,46.9,46.9,46.9,46.9,46.9,46.9,46.9,46.9,46.9,46.9,46.9,46.9,46.9,46.9,46.9,48.1,48.1,48.1,48.1,48.1,48.1,48.1,48.1,48.1,45.7,45.7,45.7,45.7,45.7,42,42,42,42,42,42,42,42,42,42,42,42,42,42,42,42,42,42,42,42,42
St. Kitts and Nevis,57.1,57.1,57.1,57.1,57.1,57.1,57.1,57.1,51.4,42.9,42.9,42.9,42.9,42.9,42.9,42.9,42.9,42.9,42.9,57.7,57.7,53.8,53.8,50,50,46.2,46.2,46.2,46.2,46.2,46.2,46.2,46.2,38.5,38.5,34.6,34.6,34.6,38.5,36.5,35.8,31.2,31.2,30.9,19.2,19.3,19.6,19.6,21.2,21.9,23.1,23.1,23.1,23.1,23.1,23.1,23.1,23.1
South Korea,21.9,21.6,21.8,22.7,23.6,24,24.2,24.3,24.2,24.1,23.8,23.5,23.5,23.5,23.6,23.5,23.5,23.5,23.3,23.3,23.3,23.3,23.2,23.1,23,23,23,23,22.8,22.6,22.4,22.1,22,21.7,21.2,20.8,20.6,20.4,20.3,20.5,20.1,19.8,19.6,19.6,19.4,19.2,19,18.7,18.5,18.2,18.1,18.4,18.2,17.9,17.8,17.4,17.2,16.9
Kosovo,,,,,,,,,,,,,,,,,,,,,,,,,,,,,,,,,,,,,,,,,,,,,,,52.4,,,,,,,,,,,
Kuwait,7.58,7.58,7.58,7.58,7.58,7.58,7.58,7.58,7.58,7.58,7.58,7.58,7.58,7.58,7.58,7.58,7.58,7.58,7.58,7.58,7.63,7.63,7.63,7.69,7.69,7.74,7.74,7.91,7.91,7.91,7.91,7.91,7.97,7.97,7.97,8.02,8.02,8.02,8.08,8.31,8.47,8.47,8.47,8.42,8.42,8.42,8.47,8.47,8.5,8.53,8.56,8.53,8.62,8.54,8.38,8.42,8.5,8.42
Lao,6.72,6.72,6.5,6.28,6.28,6.33,6.33,6.37,6.38,6.4,6.42,6.55,6.64,6.74,6.79,6.85,6.89,6.92,6.95,6.96,6.97,7.01,7.02,7.06,7.08,7.1,7.11,7.15,7.16,7.19,7.2,7.21,7.21,7.32,7.37,7.37,7.61,7.65,7.68,7.82,7.98,8.13,8.28,8.43,8.6,8.77,8.94,9.12,9.39,9.62,9.86,9.96,10.1,10.6,10.8,10.8,10.6,10.4
Lebanon,54.9,55.7,55.7,56.7,58.3,58.3,59.2,60.2,60.6,61.1,61.6,62.1,63,62.6,62.1,61.6,61.1,60.5,59.9,58.7,58.5,58.5,58.5,58.5,58.6,58.7,59,59,59,59.1,59.2,59.2,59.2,59.3,59.5,60.4,60.8,61.2,56.9,58.2,58.5,60.2,61.3,62.4,63.8,66.4,66.2,64.8,64.8,62.6,63.6,64.3,64.3,64.3,64.3,64.3,64.3,64.3
Liberia,26.8,26.8,26.8,26.8,26.8,26.7,26.7,26.7,26.7,26.7,26.7,26.7,26.7,26.7,26.7,26.7,26.7,26.7,26.7,26.7,26.7,26.8,26.8,26.8,26.9,27,27,27,27,25.9,11.8,12.1,12.4,12.7,13.1,13.4,13.7,14,14.3,14.6,14.9,15.3,15.6,15.9,16.2,16.5,16.8,17.1,17.5,17.8,18.1,18.4,18.7,19,19.3,19.7,20,20.3
Libya,6.35,6.47,6.58,6.7,6.82,6.94,7.05,7.17,7.29,7.4,7.52,7.64,7.75,7.87,7.99,8.1,8.22,8.34,8.45,8.57,8.63,8.69,8.76,8.76,8.77,8.77,8.78,8.78,8.78,8.78,8.79,8.79,8.79,8.79,8.82,8.9,8.9,8.78,8.78,8.78,8.78,8.78,8.78,8.74,8.74,8.74,8.74,8.74,8.74,8.72,8.72,8.73,8.73,8.72,8.72,8.72,8.72,8.72
St. Lucia,27.9,27.9,29.5,29.5,29.5,29.5,31.1,31.1,31.1,31.1,32.8,32.8,32.8,32.6,32.8,32.8,32.8,32.8,33.1,33.6,34.1,34.4,34.8,35.2,35.7,34.8,34.4,34.4,34.4,34.3,32.5,32.3,32.3,32,29.5,28.5,27.9,25.4,25.2,23.3,22.8,21.5,20.3,18.2,17.9,16.6,16.2,16.6,17.4,17.4,17.4,17.4,17.4,17.4,17.4,17.4,17.4,17.4
Liechtenstein,56.3,56.3,56.3,56.3,56.3,56.3,56.3,56.3,56.3,56.3,56.3,56.3,56.3,56.3,56.3,56.3,56.3,56.3,56.3,56.3,56.3,56.3,56.3,56.3,56.3,50,50,50,50,43.8,43.8,43.8,43.8,43.8,43.8,43.8,43.8,43.8,43.8,43.8,43.1,43.1,43.1,43.1,43.1,42.5,42.5,42.5,40.6,39.4,37.5,37.5,35,33.3,32.3,32.3,32.3,32.3
Sri Lanka,27.5,27.2,32.8,33.5,34.4,35.2,36,37,37.1,37.2,37.3,37.4,37.5,37.6,37.6,38.2,38.8,39.4,37.6,37.5,37.5,36.6,36.8,36.9,36.9,37.1,37.2,37.3,37.3,37.3,37.3,37.4,37,37,37.1,37.1,37.1,37.1,37.4,37.5,37.5,37.6,37.8,36.8,40,38.9,38.1,41.4,40,41.8,43.5,42.9,43.7,43.7,44.3,44.4,44.6,45.4
Lesotho,85,84.8,84.8,84.9,84.9,85.1,85.1,83.4,81.6,79.9,77.9,77.7,77.7,77.7,78.3,77.7,75.5,75.5,76.1,75.6,75.8,75.5,75.3,75.8,76,75.5,76.7,77.2,75.9,76.4,76.5,76.9,76.9,76.7,76.5,76.6,76.7,76.7,76.7,76.9,76.9,75.9,75.9,76.2,76.6,76,76.7,77.8,77,76.6,76.2,75.3,74.2,75,73.2,77.6,79.6,80.1
Lithuania,,,,,,,,,,,,,,,,,,,,,,,,,,,,,,,,54.1,53.2,49.9,54.4,54.4,54.5,54.6,55.8,54.5,46.2,46,40.5,41.5,45.3,44.5,43,42.6,42.9,44.2,44.8,45.3,46.1,47.1,48,47.2,46.9,47.1
Luxembourg,,,,,,,,,,,,,,,,,,,,,,,,,,,,,,,,,,,,,,,,52.7,52.7,52.7,52.7,52.7,53.1,53.1,53.9,53.9,53.8,53.9,54,54.1,53.9,53.9,54,53.8,54,54.1
Latvia,,,,,,,,,,,,,,,,,,,,,,,,,,,,,,,,40.7,40.4,40.8,29.5,30.1,28.5,28.1,26,25.5,25.4,25.6,25.4,26.4,27.9,29.8,29.6,29.3,29.5,29,29.2,29.6,30.2,30.1,30.3,31.1,31.1,31.2
Morocco,52.4,52.8,53.4,54,54.7,55.4,55.9,56.5,57,57.6,60.1,58.6,59.2,59.7,60.3,60.8,61.6,62.6,62.7,64.8,65.2,65.4,65.6,65.8,65.9,66.1,66.5,66.6,67.4,68,68,68.6,68.8,69.4,68.9,69.4,69.2,69.4,68.8,68.7,68,67.9,69.2,67.3,67.2,67.1,67.1,67.2,67.2,67.2,67.5,68.1,68.5,67.4,67.3,67.4,67.4,67.4
Moldova,,,,,,,,,,,,,,,,,,,,,,,,,,,,,,,,77.9,77.6,77.6,77.6,77.6,77.6,77.7,77.7,77.4,77.2,77.1,76.9,76.7,76,75.5,75.6,75.4,75.2,75,74.9,74.9,74.8,70.4,70.5,70.5,70.5,68.6
Madagascar,60.4,60.5,60.5,60.6,60.6,60.6,60.7,60.7,60.8,60.8,60.9,60.9,60.9,61,61.5,61.5,61.8,61.9,61.9,62,62,62.1,62.1,62.2,62.2,62.3,62.3,62.4,62.4,62.5,62.5,62.5,62.7,62.7,62.7,62.9,64.5,66.2,67.9,69.6,70.2,70.2,70.2,70.2,70.3,70.3,70.3,70.3,70.3,70.3,70.3,70.3,70.3,70.3,70.3,70.3,70.3,70.3
Maldives,16.7,16.7,16.7,16.7,16.7,16.7,16.7,16.7,16.7,16.7,20,20,23.3,23.3,23.3,23.3,23.3,23.3,23.3,23.3,23.3,26.7,26.7,26.7,26.7,26.7,26.7,26.7,26.7,26.7,26.7,26.7,26.7,26.7,26.7,26.7,26.7,26.7,26.7,30,33.3,40,40,36.7,30,26.7,26.7,26.7,26.7,26.3,26.3,26.3,26.3,26.3,26.3,26.3,26.3,26.3
Mexico,50.6,50.5,50.5,50.4,50.4,50.4,50.3,50.3,50.3,50.2,49.9,50,50.1,50.2,50.2,50.2,50.2,50.5,50.4,50.5,50.5,50.6,52,52,52.2,52.2,52.8,53,53.5,54.1,54.6,54.6,54.6,54.6,54.6,54.7,54.7,54.7,54.7,54.7,54.8,54.8,54.8,54.8,54.8,54.8,54.9,53.4,53.2,52.9,53,52.5,52.3,52.2,53.1,54,55,55
Marshall Islands,,,,,,,,,,,,,,,,,,,,,,,,,,,,,,,66.7,66.7,66.7,66.7,66.7,66.7,66.7,66.7,66.7,66.7,66.7,66.7,66.7,72.2,72.2,72.2,72.2,72.2,72.2,72.2,72.2,66.7,47.8,47.8,47.8,47.8,47.8,47.8
North Macedonia,,,,,,,,,,,,,,,,,,,,,,,,,,,,,,,,51.4,51,51,50.6,50.7,50.5,50.8,50.4,48.6,48.8,52.5,51.2,49.6,48.3,48.1,42.6,42.1,40.2,44.4,44.3,50.2,50,50,50,50.2,50.2,50.1
Mali,26,26,26,26,26,26,26,26,26,26,26,26,26,26.1,26.1,26.3,26.3,26.3,26.3,26.3,26.3,26.3,26.3,26.3,26.3,26.3,26.3,26.3,26.3,26.3,26.3,26.4,27.2,28.9,29,30,30.9,30.9,30.9,31.6,32.2,32.5,33.4,32.6,33.1,33.2,33.3,33.2,33.6,33.6,34.1,34.1,33.8,33.8,33.8,33.8,33.8,33.8
Malta,56.3,53.1,50,46.9,43.8,43.8,43.8,43.8,43.8,43.8,43.8,43.8,43.8,43.8,40.6,40.6,43.8,43.8,43.8,40.6,40.6,40.6,40.6,40.6,40.6,40.6,40.6,40.6,40.6,40.6,40.6,40.6,40.6,40.6,34.4,34.4,31.3,28.1,28.1,28.1,31.3,31.3,32.5,31.3,29.1,28.8,29.1,29.1,29.1,32.3,32.3,32.2,32,32,32,32.4,32.4,32.4
Myanmar,16,16,16.1,16.2,16.2,16.4,16.5,16.5,16.5,16.5,16.5,16.5,15.8,15.8,15.8,15.9,15.8,15.9,15.9,15.9,15.9,16,16,15.9,16,16,15.9,15.9,15.9,16,15.9,15.9,16,15.9,16,16.1,16.1,16.1,16.2,16.5,16.7,16.7,16.8,17,17.2,17.7,18.3,18.8,19,19.2,19.2,19.2,19.3,19.3,19.5,19.5,19.7,19.7
Montenegro,,,,,,,,,,,,,,,,,,,,,,,,,,,,,,,,,,,,,,,,,,,,,,38.3,38.2,38.1,38.2,38.1,38.1,38.1,16.6,17.1,17.2,19,19.1,19.1
Mongolia,90.6,90.6,90.6,90.6,90.6,90.6,90.6,90.6,90.5,90.6,90.6,90.6,90.6,90.6,90.6,80.8,81.1,81.1,80.3,80.2,80.2,80.2,80.4,80.2,80.2,80.2,80.4,80.6,80.8,80.9,81.2,79.6,76.7,76.3,76.3,76.3,83,83.1,83.9,84,83.8,83.8,73.6,73.5,73.3,73.8,73.8,73.7,73.6,73.5,73.5,73.4,73.4,73.2,73,72.9,72.9,72.8
Northern Mariana Islands,,,,,,,,,,,,,,,,,,,,,,,,,,,,,,,8.7,8.7,8.7,8.7,8.7,8.7,8.7,6.52,6.52,6.52,6.52,6.52,6.52,6.52,6.52,6.52,6.52,6.52,6.52,6.52,6.52,6.52,6.52,6.52,6.52,6.52,6.52,6.52
Mozambique,59.3,59.3,59.3,59.4,59.4,59.4,59.4,59.5,59.7,59.8,59.8,59.8,59.9,59.9,59.9,59.9,59.9,59.9,59.9,59.9,60,60.1,60.1,60.2,60.3,60.3,60.4,60.5,60.6,44.8,45.1,45.4,45.7,46,46.2,46.5,46.8,47.1,47.3,47.6,47.9,48.2,48.5,48.8,49,49.3,49.6,49.9,50.2,50.4,50.7,51,51.2,51.5,51.8,52.1,52.4,52.7
Mauritania,38.3,38.3,38.3,38.3,38.3,38.3,38.3,38.3,38.4,38.4,38.3,38.3,38.3,38.3,38.3,38.3,38.3,38.3,38.3,38.3,38.3,38.3,38.3,38.4,38.4,38.4,38.4,38.4,38.5,38.5,38.5,38.5,38.5,38.5,38.6,38.6,38.6,38.6,38.6,38.6,38.5,38.5,38.5,38.5,38.5,38.5,38.5,38.5,38.5,38.5,38.5,38.5,38.5,38.5,38.5,38.5,38.5,38.5
Mauritius,48.8,49.3,49.3,49.3,49.8,48.8,51.7,54.7,54.7,55.2,55.2,55.7,55.7,55.7,55.7,56.2,56.2,56.2,56.2,56.2,56.2,56.2,56.2,56.2,56.2,56.2,56.2,55.7,55.2,54.7,54.2,53.7,52.7,51.7,51.2,50.7,50.2,50.2,49.3,49.8,50.2,49.3,48.8,48.3,47.3,46.3,45.3,44.8,44.8,44.8,43.8,42.9,42.4,42.4,42.4,42.4,42.4,42.4
Malawi,33.9,35,35.5,36.1,38.2,38.7,38.2,39.3,39.8,39.3,40.9,41.4,42,42,41.5,41.5,41.5,42.1,42.1,40.6,41.7,42.7,41.8,42.3,42.5,43.5,43.6,43.6,44.2,44.7,45.8,45.3,45.3,43.2,45.4,46.5,47,48.6,49.6,50.2,51.2,51.2,52.8,52.8,54.9,56.1,52.9,57.6,58.2,60.3,59.2,59.2,59.4,59.9,59.9,59.9,59.9,59.9
Malaysia,9.39,9.59,9.97,10.2,10.6,10.7,10.9,11.3,11.4,11.8,12,12.4,12.7,12.8,13.3,13.5,13.9,14,14.7,14.9,15.4,15.5,15.8,15.9,16.5,17.4,18.5,19.4,20.5,20.6,20.7,20.7,21,21.3,21.2,21.2,21.2,21.1,21.1,21.1,21.1,21.4,21.7,21.7,21.7,21.5,21.6,21.8,22,22.5,22.9,23.8,24.5,24.6,26.1,26.1,26.1,26.1
Namibia,46.9,46.9,46.9,46.9,46.9,46.9,46.9,46.9,46.9,46.9,46.9,46.9,46.9,46.9,46.9,47,47,47,47,47,47,47,47,47,47,47,47,47,47,47,47,47,47,47.1,47.2,47.2,47.2,47.2,47.2,47.2,47.2,47.2,47.2,47.2,47.2,47.2,47.1,47.1,47.1,47.1,47.1,47.1,47.1,47.1,47.1,47.1,47.1,47.1
New Caledonia,14.3,14.3,14.3,14.3,14.3,14.3,14.3,14.4,14.4,14.4,14.4,14.4,14.4,14.4,14.4,14.5,14.5,14.5,14.5,14.5,14.5,14.9,15.3,15.9,15.2,14.6,14,13.5,12.9,12.7,12.5,12.6,12.6,12.6,12.7,12.9,13,13.1,13.3,13.4,13.6,13.7,13.3,12.9,12.6,12.3,11.9,11.5,11.2,10.9,10.4,10.1,10.1,10.1,10.1,10.1,10.1,10.1
Niger,24.9,24.9,24.9,24.9,24.9,24.9,24.9,25.4,25.4,24.6,24.7,24.6,24.3,23.5,23.5,23.5,23.5,23.5,23.7,24.3,23.9,24,24.5,24.3,24.3,24.7,24.5,24.7,24.8,26.1,26.9,27.6,27.6,27.6,28.4,28.4,28.4,28.4,29.2,29.2,30,30,30.3,30.4,33.9,33.9,34.6,34.6,34.6,34.7,35.1,35.4,36.1,36.1,36.1,36.6,36.8,36.8
Nigeria,58.4,59.2,61.5,62.6,64.9,62,63.9,63.9,70.1,67,65.3,60.6,66.2,61.7,60.6,60.6,55.4,53.8,53,55.4,51.8,53.1,53.5,57.8,60.3,65.9,66.3,66.7,67.2,67.6,70.2,70.8,71.4,71.6,71.8,72,72.1,72.3,72.5,72.7,72.8,73,73.2,73.4,73.6,73.7,73.9,74.1,74.3,74.5,74.6,74.8,75,75.2,75.4,75.5,75.7,75.9
Nicaragua,28.5,28.5,28.8,29,29.2,29.7,29.7,29.7,29.8,29.8,30,30,30.1,30.2,30.2,30.2,31,31,31.1,31.1,31.8,31.8,31.8,32.3,32,32.1,32.3,32.7,33.2,33.4,33.7,34.2,34.8,35.1,37.8,38.7,40,40.8,41.7,42.7,43,43.9,44.3,43.5,44.1,43.2,43.1,42.5,42.4,41.8,42.1,42.4,42.1,42.1,42.1,42.1,42.1,42.1
Netherlands,68.5,68.2,67.8,67.2,66.8,66.5,66.3,66,65.5,65,63,62.6,62.2,62,61.7,61.4,61,60.6,60.2,59.8,59.6,59.4,59.5,59.7,59.8,59.7,59.7,59.6,59.4,59.4,59,58.8,58.9,58.4,58.2,58.7,58.2,58.4,58.3,57.9,57.2,57.7,57,57.7,57.4,56.9,56.7,57.1,56.8,55.5,55.1,54.6,54.8,54.6,54.8,53.9,54,54.1
Norway,2.83,2.82,2.81,2.79,2.77,2.75,2.74,2.72,2.7,2.61,2.55,2.49,2.48,2.47,2.46,2.45,2.46,2.46,2.61,2.56,2.56,2.58,2.59,2.61,2.62,2.65,2.66,2.67,2.71,2.67,2.77,2.75,2.77,2.82,3.09,3.1,2.84,2.87,2.84,2.85,2.87,2.86,2.85,2.85,2.84,2.83,2.83,2.81,2.78,2.75,2.74,2.72,2.7,2.7,2.7,2.69,2.7,2.7
Nepal,24.8,24.8,24.9,24.8,24.8,24.8,24.9,24.9,24.9,25.9,25.9,26.7,27.6,27.9,28,28.1,28.3,28.4,28.5,28.6,28.7,28.7,28.7,28.8,28.8,28.9,28.9,28.9,29,29,29,29.1,29.2,29.2,29.3,29.4,29.5,29.5,29.6,29.6,29.7,29.6,29.5,29.4,29.3,29.2,29.1,29,28.9,28.8,28.8,28.7,28.7,28.7,28.7,28.7,28.7,28.7
Nauru,15,15,15,15,20,20,20,20,20,20,20,20,20,20,20,20,20,20,20,20,20,20,20,20,20,20,20,20,20,20,20,20,20,20,20,20,20,20,20,20,20,20,20,20,20,20,20,20,20,20,20,20,20,20,20,20,20,20
New Zealand,59.9,60.2,60.4,60.4,60.2,60.1,60.2,60.2,59.6,59.5,59.5,61,60.8,60.8,62.2,63.5,63.1,63.8,63.4,63.8,65.8,63.5,63.5,63,62.5,62.7,62.5,62,61.7,61.5,61.2,60.6,60.5,57.4,56.9,56.6,56.6,56.6,56.6,58.5,58.6,45.9,45,45.2,44.5,43.2,43.6,43.2,43.6,43.3,43.2,42.6,42.2,42.2,40.7,40.3,40.4,39.8
Oman,3.34,3.34,3.34,3.35,3.35,3.35,3.35,3.36,3.36,3.37,3.37,3.37,3.38,3.38,3.38,3.39,3.39,3.4,3.4,3.4,3.4,3.4,3.41,3.42,3.43,3.45,3.46,3.47,3.48,3.49,3.49,3.5,3.46,3.46,3.46,3.46,3.46,3.46,3.46,3.79,3.79,4.11,4.44,4.76,4.73,4.73,4.73,4.71,4.7,4.66,4.64,4.6,4.59,4.59,4.63,4.64,4.69,4.71
Pakistan,46.3,46.5,46.5,47.2,48.3,48.5,48.6,48.2,46.3,46.5,46,46.1,47.2,46.4,46.7,46.3,46.6,47.2,47.1,48.5,47.4,50,47.2,48.6,48.2,46.1,47.6,45.9,46.5,45.7,45.8,45.9,46.4,46.4,46.7,46.9,47.6,47.7,47.7,47.6,48,47.8,47.8,46.8,46.7,46.9,46.7,45.8,45.8,45.7,46.6,46.8,47.1,47,47,47.7,48,47.1
Panama,21.8,22,22.1,22.2,22.3,22.4,22.5,22.6,22.7,22.7,23,23.4,23.7,24,24.3,24.6,24.9,24.9,24.9,25,25.3,25.7,26.1,26.4,26.8,27.2,27.5,27.8,28.2,28.6,28.7,28.9,28.9,28.7,28.7,28.7,28.8,28.9,29,30,30.1,30.1,30.1,30,30,29.9,30,30,30,30.5,30.4,30.4,30.4,30.5,30.5,30.5,30.5,30.5
Peru,13.2,13.4,13.6,13.8,13.9,13.8,13.8,13.9,13.9,14,14,14.3,14.3,14.3,14.3,14.4,14.5,14.5,14.6,14.6,14.6,14.7,14.7,14.7,14.7,14.8,14.8,14.8,14.8,17.1,17.1,17.2,17.2,16.9,17.1,17.3,17.4,17.7,17.8,18.1,18.1,17.8,17.9,17.9,18.2,18.3,18.4,18.5,18.7,18.8,18.8,19,19,18.6,18.2,18.5,18.5,18.4
Philippines,25.9,26.1,26.4,27.3,27.3,27.3,27.8,27.8,27.7,27.9,27.8,28.3,28.8,29.7,30.8,32.4,33.8,34,34.9,35.6,35.8,36,36.2,36.3,36.6,36.8,37,37.1,37.2,37.4,37.4,37.3,37.1,36.9,36.9,37.2,38,37.8,37.7,37.7,37.5,37.3,37.7,38.5,38.1,38.8,39.5,40.3,40.6,40.6,41.1,41.7,41.7,41.7,41.7,41.7,41.7,41.7
Palau,,,,,,,,,,,,,,,,,,,,,,,,,,,,,,,9.35,9.35,9.35,9.35,9.35,9.35,9.35,9.35,9.35,9.35,9.35,9.35,9.35,9.35,9.35,9.35,9.35,9.35,9.35,9.35,9.35,9.35,9.35,9.35,9.35,9.35,9.35,9.35
Papua New Guinea,1.09,1.09,1.09,1.12,1.12,1.13,1.23,1.29,1.36,1.42,1.48,1.5,1.52,1.54,1.58,1.6,1.62,1.67,1.7,1.7,1.72,1.7,1.69,1.71,1.78,1.83,1.87,1.91,1.92,1.94,1.95,1.96,1.97,1.98,2.06,2.11,2.12,2.15,2.19,2.22,2.23,2.21,2.22,2.25,2.27,2.3,2.3,2.63,2.63,2.63,2.63,2.63,2.63,2.63,2.63,2.63,2.63,2.63
Poland,66.3,66.2,65.9,65.7,65.1,65.1,64.7,64.6,63.9,63.8,63.7,63.2,63.1,62.9,62.8,62.7,62.6,62.4,62.2,62.1,61.7,61.7,61.6,61.8,61.8,61.6,61.6,61.4,61.4,61.4,61.2,61.2,61.1,61.1,60.8,60.3,60.3,60.2,60.2,60.1,58.1,55.2,52.8,53.3,51.9,52.1,50.5,50.9,51,47.2,48.3,47.4,47.1,47.1,46.9,46.9,47.2,47.4
Puerto Rico,69.4,67.8,68.2,66,68.7,65.5,64,63.8,63.4,62.2,59.8,58.1,55.5,55.7,55.6,55.6,55.4,55.8,54.8,53.6,52.6,52.6,52.5,52.3,52,52.2,52.1,52.1,50.7,49,47.4,46.2,35.1,34.8,34.8,34.8,32.8,30.7,29.3,27.9,26.5,25,24.3,23.6,22.8,22.1,21.3,21.5,21.7,21.9,22,22.2,21.7,21.1,20.6,20.1,19.6,19
North Korea,19.8,19.8,19.8,19.8,19.8,19.8,19.8,19.8,19.8,19.8,19.8,19.8,20.2,20.2,20.2,20.2,20.2,20.2,20.2,20.9,20.9,20.9,20.9,20.9,20.9,20.9,20.9,20.9,20.9,20.9,21,21,21.2,22,22,21.2,21.2,21.2,21.2,21.2,21.2,21.2,21.2,21.2,21.6,21.6,21.6,22,22.2,22.3,21.8,21.8,21.8,21.8,21.8,21.8,21.8,21.8
Portugal,42.3,42.4,42.5,42.5,42.6,42.7,42.7,42.8,42.9,42.9,43,43.1,43.1,43.2,43.2,43.3,43.3,43.4,43.5,43.5,43.5,43.6,43.6,43.6,43.7,43.7,43.7,43.8,43.8,43.3,42.8,42.4,43.3,43.2,42.9,40.8,39.1,40.7,42.2,43.2,42.1,42.4,41.7,42.3,41.8,41.1,40,40.7,40.3,39.9,39.8,40,40.4,40,39.7,39.5,39.2,39
Paraguay,26.2,26.5,26.8,27.1,27.4,27.7,28,28.2,28.5,28.7,29,29.2,29.6,30.3,30.8,31.4,31.9,31.2,31.8,32.8,33.9,35,36.3,37.7,39,41.7,42.9,43,43.1,35.7,36.3,37,37.6,40.4,41.4,47.9,48.3,49.3,50.5,42.1,43,49.3,48.7,45.6,46.4,47.3,48.2,49,49.9,50.7,51.8,52.8,53.9,54.7,55.3,54.7,54.7,54.9
Palestine,60.8,60.8,60.8,60.6,60.6,60.8,61,61,61,61.1,61.1,61.1,61.1,61.3,61.3,61.6,62,62.3,62.1,62.3,63,63.1,63.5,63.6,63.1,63.1,62.8,62.8,62.6,62.3,61.8,61.5,61.5,61.5,62.5,61.8,61.5,58,60.5,61.8,61.3,61.5,61,61,60.4,59.4,58.7,58.2,49.7,41.2,43.1,45.2,46.6,49.5,49.3,49.3,,
French Polynesia,12,12,12,12,12,12,12,12,12,12,12,12,12,12,12,12,12,12,12,12,12,12,12,12,12,12,11.7,11.7,11.7,11.7,11.7,11.7,11.7,11.7,11.7,11.7,11.7,11.7,11.7,11.7,11.7,12.3,12.3,12.3,12.3,12.3,12.3,12.3,12.2,12.2,12.4,12.4,12.4,12.4,12.4,12.4,12.4,12.9
Qatar,4.39,4.39,4.39,4.39,4.39,4.39,4.39,4.39,4.39,4.39,4.39,4.39,4.39,4.48,4.48,4.48,4.48,4.48,4.57,4.74,4.82,4.91,5,5.08,5.08,5.17,5.25,5.25,5.17,5.25,5.25,5.51,5.6,5.6,5.6,5.68,5.68,5.68,5.68,5.68,5.71,5.56,5.56,5.56,5.53,5.65,5.65,5.78,5.61,5.73,5.6,5.73,5.9,5.88,5.9,5.83,5.83,5.83
Romania,63.4,63.8,63.9,64,64.2,64.4,64.4,65,65,64.8,64.8,64.9,64.7,64.8,64.9,64.9,64.9,65,65,65,64.9,65,65,65.1,65.2,65.3,65.5,65.6,64.3,64.4,64.5,64.5,64.5,64.5,64.5,64.4,64.5,64.2,64.4,64.7,64.4,64.5,64.4,61.4,61.7,61,59.3,59.3,59.2,61.5,60.7,59.7,60.4,60.1,60.2,58.8,58.1,58.3
Russia,,,,,,,,,,,,,,,,,,,,,,,,,,,,,,,,13.5,13.4,13.3,13.2,13.2,13.3,13.3,13.2,13.3,13.2,13.2,13.2,13.2,13.2,13.2,13.2,13.2,13.2,13.2,13.2,13.2,13.2,13.2,13.2,13.2,13.2,13.2
Rwanda,53.3,53.7,54.1,54.5,54.9,55.3,55.7,56.1,56.6,56.9,58.7,61.1,61,64.2,65.3,66.4,67.5,68.1,68.8,69.5,71.3,71.9,72.6,73.3,73.7,74.2,74.7,75.1,75.2,76.2,76.1,74.5,70.1,60.2,60.2,62.6,64.7,65.5,67.3,67.7,70.9,74.2,73.1,73.6,72.3,73.1,73.2,73.3,73.3,73.1,73.6,73.6,74.7,73.3,73.4,73.4,73.4,73.4
Saudi Arabia,40.1,40.1,40.1,40.1,40.1,40.1,40.1,40.2,40.2,40.2,40.2,40.2,40.3,40.3,40.3,40.4,40.4,40.4,40.4,40.5,40.5,40.5,40.6,43,45.4,47.8,50.2,52.6,55,57.4,57.5,57.6,60.8,64.1,67.4,70.6,73.9,77.6,80.8,80.8,80.8,80.8,80.8,80.8,80.8,80.8,80.8,80.7,80.7,80.7,80.7,80.6,80.6,80.7,80.8,80.8,80.8,80.8
Sudan,,,,,,,,,,,,,,,,,,,,,,,,,,,,,,,,,,,,,,,,,,,,,,,,,,,36.9,36.9,36.9,36.9,36.9,36.9,36.9,36.9
Senegal,44.9,44.9,45.4,45.4,46,46,46.5,47.4,46.2,46,46.5,46.5,46.7,47,47,47,45.9,45.9,45.9,45.9,45.9,45.9,45.9,45.9,45.9,45.9,45.9,45.9,45.8,46.1,45.2,45.6,45.8,46.3,45.8,46.3,44.8,43.6,47.3,46.9,45.7,45.4,44.8,45.1,45.6,44.1,44.2,48.2,49.3,49.1,46.6,46.6,46.1,46.1,46.1,46.1,46.1,46.1
Singapore,20.9,20.9,19.4,19.4,19.4,19.4,19.4,17.9,17.9,17.9,14.9,16.4,16.4,13.4,11.9,11.9,11.9,11.9,11.9,11.9,10.4,8.96,8.96,8.96,7.46,5.97,4.48,4.48,2.99,2.99,1.79,1.79,1.79,1.79,1.79,1.79,1.79,1.79,1.79,1.79,1.79,1.78,1.16,1.16,1.1,1.08,1.15,1,1,1.05,1.04,1.03,0.948,0.931,0.931,0.931,0.931,0.931
Solomon Islands,1.96,1.96,1.96,1.96,1.96,1.96,1.96,1.96,1.96,1.96,1.96,1.96,1.96,1.96,1.96,1.96,2,2.04,2.11,2.11,2.11,2.22,2.22,2.29,2.29,2.36,2.32,2.39,2.43,2.43,2.47,2.54,2.54,2.57,2.61,2.61,2.61,2.64,2.72,2.72,2.75,2.82,2.97,2.97,3.18,3.36,3.36,3.47,3.61,3.82,3.93,3.97,3.97,3.98,4.04,4.07,4.18,4.18
Sierra Leone,36.2,36.3,36.4,36.4,36.5,36.6,36.6,36.8,36.8,36.9,37,37,37.1,37.2,37.3,37.3,37.4,37.5,37.7,37.7,37.8,38,38.1,38.3,39,39.1,39.1,39.1,39.1,39.1,39.1,39,38.9,38.9,38.9,38.9,38.9,38.9,38.8,38.9,41.6,44.8,49.4,52.3,52.8,55.8,50.2,51.4,52.7,54.5,55.7,53.2,54.7,54.7,54.7,54.7,54.7,54.7
El Salvador,60,60,60.3,60.3,60.4,60,59.5,59.4,59.3,59.2,61.3,61.4,61.8,62.3,62.7,62.7,63.2,65.2,67.6,68.1,66.1,64.7,64.5,65,66,66.9,66.9,67.9,67.9,65.3,65.5,65.7,66,66.2,66.4,67,66.8,67,71.5,67.5,67.7,67.9,68.1,68.3,68.6,68.8,69,69.2,69.4,69.6,69.9,70.1,70.3,70.5,70.7,71,71.2,71.4
San Marino,16.7,16.7,16.7,16.7,16.7,16.7,16.7,16.7,16.7,16.7,16.7,16.7,16.7,16.7,16.7,16.7,16.7,16.7,16.7,16.7,16.7,16.7,16.7,16.7,16.7,16.7,16.7,16.7,16.7,16.7,16.7,16.7,16.7,16.7,16.7,16.7,16.7,16.7,16.7,16.7,16.7,16.7,16.7,16.7,16.7,16.7,16.7,16.7,16.7,16.7,16.7,16.7,16.7,16.7,38.3,38.3,38.3,38.3
Somalia,70,70,70,70,70,70,70,70,70,70.1,70.1,70.1,70.1,70.1,70.1,70.1,70.1,70.1,70.1,70.1,70.1,70.2,70.2,70.2,70.2,70.2,70.2,70.2,70.2,70.2,70.2,70.2,70.2,70.2,70.2,70.2,70.2,70.2,70.2,70.2,70.3,70.5,70.6,70.7,70.7,70.4,70.2,70.3,70.3,70.3,70.2,70.2,70.3,70.3,70.3,70.3,70.3,70.3
Serbia,,,,,,,,,,,,,,,,,,,,,,,,,,,,,,,,,,,,,,,,,,,,,,40.4,40.9,41.2,40.2,40.3,40.3,39.6,39.9,40.1,39.8,39.5,39.1,39.6
South Sudan,,,,,,,,,,,,,,,,,,,,,,,,,,,,,,,,,,,,,,,,,,,,,,,,,,,45.1,45.1,45.1,45.2,45.2,45.2,45.2,45.2
Sao Tome and Principe,36.5,36.5,36.5,36.5,37.5,37.5,37.5,37.5,37.5,37.5,38.5,38.5,38.5,38.5,38.5,38.5,38.5,38.5,38.5,38.5,38.5,38.5,38.5,38.5,39.6,39.6,39.6,39.6,43.8,43.8,43.8,43.8,43.8,45.8,46.9,46.9,47.9,47.9,49,51,53.1,53.1,55.2,51,50,50,50,49,49,47.9,45.8,45.8,45.8,45.8,45.8,45.8,45.8,45.8
Suriname,0.263,0.269,0.263,0.295,0.301,0.282,0.276,0.276,0.301,0.308,0.333,0.34,0.359,0.365,0.372,0.378,0.391,0.397,0.41,0.442,0.468,0.481,0.481,0.494,0.519,0.538,0.564,0.564,0.564,0.564,0.571,0.571,0.571,0.571,0.571,0.571,0.564,0.564,0.564,0.564,0.551,0.474,0.516,0.497,0.467,0.467,0.449,0.454,0.515,0.502,0.513,0.469,0.533,0.565,0.558,0.558,0.538,0.538
Slovak Republic,,,,,,,,,,,,,,,,,,,,,,,,,,,,,,,,,50.9,50.9,50.9,50.8,50.8,50.8,50.8,50.7,46.9,46.5,46.5,40.2,40.4,40.3,40.1,40.3,40.1,40.4,40.1,40.1,39.4,39.3,39.3,39.2,39.1,39.3
Slovenia,,,,,,,,,,,,,,,,,,,,,,,,,,,,,,,,28,27.8,27.3,26.7,26.1,24.6,24.3,24.8,25.7,25.3,25.1,25.3,24.4,25.3,24.4,24.7,30.7,31,31,30.8,30.4,30.3,30.5,30.6,30.7,30.5,30.4
Sweden,10.3,10.2,9.7,9.61,9.38,9.25,9.22,9.07,9.13,9.15,9.16,9.1,9.06,9.1,9.08,9.1,9.07,9.09,9.04,9.03,8.96,8.92,8.86,8.8,8.51,8.47,8.42,8.38,8.33,8.32,8.18,8.15,8.18,8.18,7.96,8.03,7.94,7.87,7.78,7.68,7.69,7.73,7.71,7.76,7.84,7.71,7.64,7.54,7.5,7.52,7.47,7.48,7.48,7.45,7.46,7.44,7.42,7.39
Eswatini,85.3,85.9,85.7,85.9,86.3,86.8,87,87.1,86.9,86.9,86.9,88,88,86.2,76.3,79.7,81,81,77.9,75.1,74.7,74.8,74.9,73.8,74.7,77.3,76,74.7,73.5,72,71.3,71.1,71,71,71,71,71.1,71.1,71.1,71.1,71.2,71.2,71.2,71.2,71.2,71.2,71.2,71.2,71,71,71,71,71,71,71,71,71,71
Seychelles,10.9,10.9,10.9,10.9,10.9,10.9,10.9,10.9,10.9,10.9,10.9,10.9,10.9,10.9,10.9,10.9,10.9,10.9,10.9,10.9,10.9,13,13,13,13,13,13,10.9,10.9,8.7,8.7,8.7,8.7,8.7,8.7,8.7,8.7,8.7,8.7,8.7,8.7,8.7,8.7,8.7,8.7,8.7,6.52,6.52,6.3,5.22,3.26,3.26,3.37,3.37,3.37,3.37,3.37,3.37
Syria,81.3,81.5,81.8,80.8,77.8,74.2,74.2,73,73.2,73.2,73.2,77.1,78.8,79,76.8,77.3,76.4,76.2,76,76.5,76.8,76.8,76.1,76,75.9,75.7,75.7,74.7,73.4,73.4,73.5,74.1,74.2,75,75,75,75.1,74.8,74.9,74.6,74.7,74.9,75.2,75.7,75.3,75.6,75.7,75.7,75.7,75.7,75.8,75.8,75.8,75.8,75.8,75.8,75.8,75.8
Turks and Caicos Islands,1.05,1.05,1.05,1.05,1.05,1.05,1.05,1.05,1.05,1.05,1.05,1.05,1.05,1.05,1.05,1.05,1.05,1.05,1.05,1.05,1.05,1.05,1.05,1.05,1.05,1.05,1.05,1.05,1.05,1.05,1.05,1.05,1.05,1.05,1.05,1.05,1.05,1.05,1.05,1.05,1.05,1.05,1.05,1.05,1.05,1.05,1.05,1.05,1.05,1.05,1.05,1.05,1.05,1.05,1.05,1.05,1.05,1.05
Chad,38,38,38,38,38,38,38,38,38,38,38,38,38,38,38.1,38.2,38.2,38.2,38.2,38.2,38.2,38.2,38.2,38.2,38.2,38.3,38.3,38.3,38.3,38.4,38.4,38.4,38.4,38.5,38.5,38.5,38.6,38.6,38.6,38.6,38.9,38.7,38.8,38.8,38.9,38.9,38.9,38.9,38.9,39.1,39.2,39.5,39.7,39.9,39.9,39.9,39.9,39.9
Togo,56.4,56.4,56.4,56.4,56.5,56.5,56.5,56.5,56.5,56.5,53,53,53,53,53,53,53,54.8,55.7,55.8,55.8,55.8,55.8,56.7,56.8,56.8,57.2,57.7,57.7,58.7,58.7,58.7,60.7,60.7,60.7,62.5,63.4,64.9,66.7,66.7,64,64.4,64,63.5,59.8,60.3,64.3,65.2,66.3,67.4,67.4,70.8,70.2,70.2,70.2,70.2,70.2,70.2
Thailand,22.8,23.4,24.4,24.8,25.3,25.9,26.3,26.8,27.2,27.9,28.2,29.8,31.5,33,33.7,34.3,35.2,36,36.6,37.1,37.9,38.7,38.9,39.2,40.3,40.7,41.6,41.8,41.8,41.9,42.1,41.8,41.6,41.3,41.5,40.8,40,39.2,39.2,38.8,38.8,38.5,38.3,38.3,38.4,38.6,38.8,39.2,40.9,41.2,41.2,42.8,43.3,43.3,43.3,43.3,43.3,43.3
Tajikistan,,,,,,,,,,,,,,,,,,,,,,,,,,,,,,,,32.1,32.5,31.9,32.7,32.8,32.6,32.5,32.6,32.7,32.7,32.7,32.8,33.2,33.4,33.8,33.8,33.8,34,34,34,33.9,33.9,34.2,34.1,34.1,34.2,34.1
Turkmenistan,,,,,,,,,,,,,,,,,,,,,,,,,,,,,,,,75.2,75.4,75.4,75.5,75.5,75.5,75.5,75.6,75.5,75.5,75.2,74.9,74.6,74.2,73.8,73.5,73.1,72.8,72.4,72,72,72,72,72,72,72,72
Timor-Leste,15.5,15.5,15.5,15.5,15.5,15.5,15.6,15.6,15.7,16.3,16.3,16.5,16.8,16.8,17.1,17.4,17.6,18.2,18.6,18.8,19,19.1,19.2,19.4,19.6,19.8,20.1,20.4,20.5,21.4,22.2,22.2,22.5,22.9,22.9,23,23.1,22.9,22.7,22.7,24.3,24.3,24.5,25.9,25.9,25.9,25.2,25.6,25.7,25,25.1,25.8,25.6,25.6,25.6,25.6,25.6,25.6
Tonga,37.5,38.9,40.3,40.3,41.7,43.1,43.1,43.1,45.8,44.4,44.4,45.8,45.8,47.2,47.2,45.8,45.8,45.8,45.8,47.2,47.2,47.2,45.8,45.8,45.8,45.8,45.8,45.8,44.4,44.4,44.4,44.4,44.4,44.4,45.8,45.8,43.1,43.1,43.1,41.7,41.7,41.7,41.7,41.7,41.7,43.1,43.1,43.1,44.4,44.4,44.4,45.8,45.8,47.2,48.6,48.6,48.6,48.6
Trinidad and Tobago,18.9,18.9,19.1,19.1,19.1,19.1,19.1,19.1,19.1,19.1,19.7,19.7,21.4,21.6,20.7,20.7,20.7,20.7,20.7,19.7,18.5,17.2,14.4,14.4,13.8,13.8,13.8,14,14,15,15.8,15.8,15.8,15.8,14.8,14.8,13.8,12.9,13.1,13.1,11.7,11.7,11.7,10.7,10.5,10.5,10.5,10.5,10.5,10.5,10.5,10.5,10.5,10.5,10.5,10.5,10.5,10.5
Tunisia,55.7,55.5,55.4,55.8,55.7,55.5,55.4,55.3,56.1,57.2,57.1,57.6,58,58.2,58.5,58.9,59,58.1,57.6,56,56.3,56.7,57.3,57.3,56.8,56,56,54.7,55.8,55.6,59.3,60.2,60.6,59.8,60.2,60,60.2,60.6,61.3,61.5,61.1,62.8,63,63.3,63.2,63.1,63.1,63.6,63,64.6,64.8,63.9,64,62.8,63.3,62.5,62.7,62.7
Turkey,47.4,47.6,48.6,48.5,48.5,48.7,48.5,48.9,50.2,49.6,49.8,50.4,50.4,49.8,49.3,49.2,49.4,49.4,50.5,50.1,50.2,48.3,47.7,48.9,49.5,50,51.2,51,51.8,51.6,52.1,51.8,51.9,52.2,51.3,51.1,51,51.9,52.4,52.6,53.2,53.5,52.8,53.5,53.6,52.6,51.3,50.8,50.6,50.7,49.7,49.9,49.9,50.1,50.1,49.8,49.3,49.1
Tuvalu,66.7,66.7,66.7,66.7,66.7,66.7,66.7,66.7,66.7,66.7,66.7,66.7,66.7,66.7,66.7,66.7,66.7,66.7,66.7,66.7,66.7,66.7,66.7,66.7,66.7,66.7,66.7,66.7,66.7,66.7,66.7,66.7,66.7,66.7,66.7,66.7,66.7,66.7,66.7,66.7,56.7,56.7,56.7,56.7,56.7,56.7,60,60,60,60,60,60,60,60,60,60,60,60
Tanzania,29.4,29.4,30.5,30.5,30.5,30.5,30.5,30.5,30.5,31.6,32.7,32.7,32.7,32.7,32.7,32.7,32.7,33.9,33.9,33.9,35,35,35,35,36.1,36.1,36.1,36.1,36.1,35.2,35.6,36.1,36.5,36.9,37.3,37.7,38,38.2,38.3,38.4,38.5,38.6,38.7,39.7,39.9,39.9,40.2,41.7,42.1,42.3,43.2,44.5,44.8,44.8,44.8,44.8,44.8,44.8
Uganda,45.1,45.6,46.3,49.4,49.4,49.5,49.5,49.7,49.8,49.9,50.2,50.5,50.9,51.4,52.1,52.7,52.7,53.1,53.1,53.5,53.9,54.3,56.6,57.6,58.1,59.1,59.1,59.1,59.4,59.9,60.2,60.3,60.5,60.6,60.7,60.9,60.9,61.3,61.4,62.6,63.1,64.1,65.6,66.4,66.4,67.4,68.4,69.6,70.6,71.1,71.6,71.9,71.9,71.9,71.9,71.9,71.9,71.9
Ukraine,,,,,,,,,,,,,,,,,,,,,,,,,,,,,,,,72.4,72.3,72.3,72.2,72.2,72.2,71.8,71.6,71.5,71.4,71.5,71.4,71.4,71.3,71.3,71.2,71.3,71.2,71.2,71.3,71.3,71.7,71.7,71.7,71.7,71.6,71.3
Uruguay,93.4,92.8,92.2,91.9,91.3,90.9,90.5,89.8,89.4,88.5,88.2,88,87.8,87.5,87.3,87.1,86.9,86.6,86.4,86.2,86,85.8,85.7,85.5,85.3,85.1,84.9,84.8,84.7,85.2,85.3,85.3,85.3,85.3,85.4,85.4,85.4,85.4,85.4,85.5,85.5,85.3,85.3,84.7,84.7,84,83.1,83.8,84.6,82.5,83,81.3,81.9,81.7,81.7,80.5,80.2,80.1
United States,48.9,48.5,48.2,47.9,47.6,47.6,47.5,47.6,47.5,47.4,47.3,47.2,47.1,47,47,47,47,46.7,46.7,46.7,46.7,47.1,47.1,47.1,47.1,47.1,46.6,46.6,46.6,46.6,46.6,46.4,46.2,46,45.9,45.5,45.3,45.3,45.2,45.2,45.3,45.1,45.1,45.1,45.1,45.1,45.1,44.9,44.7,44.5,44.3,44.1,44.1,44.2,44.2,44.3,44.4,44.4
Uzbekistan,,,,,,,,,,,,,,,,,,,,,,,,,,,,,,,,65.2,65,65,65,65,65,64.3,64.2,64.2,64.2,63.6,63.2,62.7,62.3,61.9,61.5,61,60.6,60.2,59.7,59.3,58.9,60,58.1,58.1,58.1,58.1
St. Vincent and the Grenadines,25.6,25.6,28.2,28.2,28.2,28.2,28.2,28.2,28.2,28.2,28.2,28.2,25.6,25.6,25.6,25.6,28.2,28.2,30.8,30.8,30.8,28.2,30.8,30.8,30.8,33.3,29.9,29,28.1,27.1,26.2,25.3,24.4,23.4,22.5,21.6,20.7,19.7,18.8,17.9,17.9,17.9,17.9,17.9,17.9,17.9,17.9,17.9,17.9,17.9,17.9,17.9,17.9,17.9,17.9,17.9,17.9,17.9
Venezuela,21.8,21.9,22,22,22.1,22.2,22.3,22.4,22.5,22.6,22.7,22.7,22.9,23,23,23.2,23.4,23.5,23.7,23.8,23.9,24,24.1,24.3,24.5,24.8,24.9,25,24.7,24.8,24.8,24.5,24.5,24.5,24.5,24.5,24.5,24.5,24.5,24.5,24.5,24.4,24.4,24.5,24.5,24.4,24.4,24.5,24.4,24.4,24.4,24.4,24.4,24.4,24.4,24.4,24.4,24.4
British Virgin Islands,40,40,40,40,40,53.3,53.3,53.3,53.3,53.3,53.3,53.3,53.3,53.3,53.3,53.3,53.3,53.3,53.3,53.3,53.3,60,60,60,60,60,60,60,60,53.3,53.3,53.3,53.3,53.3,53.3,53.3,53.3,53.3,46.7,46.7,46.7,46.7,46.7,46.7,46.7,46.7,46.7,46.7,46.7,46.7,46.7,46.7,46.7,46.7,46.7,46.7,46.7,46.7
Virgin Islands (U.S.),34.3,34.3,40,45.7,45.7,45.7,42.9,42.9,42.9,42.9,42.9,42.9,42.9,42.9,42.9,42.9,42.9,42.9,42.9,45.7,45.7,42.9,40,40,34.3,34.3,34.3,31.4,31.4,28.6,28.6,28.6,28.6,25.7,22.9,22.9,22.9,22.9,20,20,20,17.1,17.1,17.1,17.1,11.4,11.4,11.4,11.4,11.4,11.4,11.4,11.4,11.4,11.4,11.4,11.4,11.4
Vietnam,19.3,19.3,19.4,19.4,19.4,19.4,19.5,19.6,19.6,19.7,19.7,19.8,19.9,20,20,20.7,20.9,21,21,21.1,21.1,21.1,21.2,21.2,20.7,20.7,20.6,20.6,20.6,20.7,20.7,21.6,21.8,21.9,21.7,23.6,24.1,24.7,25.8,28.2,30.5,30.4,30.8,31.6,32.4,32.5,32.5,33,33.2,34.7,34.7,34.8,35,35.1,39.2,39.3,39.2,39.2
Vanuatu,8.61,8.61,8.61,8.61,9.27,9.27,9.27,9.27,9.27,9.84,9.84,9.84,9.84,9.84,10.3,10.3,104,104,105,105,107,108,111,111,112,116,117,121,122,125,126,129,13,131,135,137,138,141,142,144,145,146,148,148,15,152,153,153,153,153,153,153,153,153,153,153,153,153
Samoa,198,201,201,201,219,219,219,223,223,224,226,226,226,226,23,244,251,251,26,261,272,272,274,276,276,277,271,272,192,191,191,184,184,18,18,18,18,18,18,17,17,166,159,152,148,142,136,131,123,147,17,193,216,239,267,267,267,267
Yemen,442,442,442,443,443,443,443,443,443,444,444,444,444,444,444,444,444,444,444,444,444,444,444,444,445,445,445,445,445,447,448,445,449,449,45,45,449,449,448,448,447,448,445,446,446,448,448,445,444,447,444,445,445,444,444,443,443,443
South Africa,835,825,816,806,796,795,793,791,79,788,786,785,783,782,78,778,778,777,777,776,776,775,775,775,775,778,78,782,786,788,791,795,799,802,804,807,807,808,808,809,808,808,807,805,804,799,799,801,80,799,794,794,794,794,794,794,794,794
Zambia,26,26,261,262,262,264,264,265,266,267,27,272,271,272,272,275,273,271,266,267,267,266,269,269,271,272,274,276,281,28,28,283,285,289,289,294,296,296,301,303,303,304,308,308,306,31,309,311,317,315,318,321,319,321,321,321,321,321
Zimbabwe,284,286,288,291,292,295,297,299,302,304,306,308,309,311,312,313,313,314,316,317,319,321,323,325,327,329,331,333,335,336,341,345,349,355,358,368,373,375,384,389,394,40,405,414,416,421,419,425,421,419,424,419,419,419,419,419,419,419
